{"stats":{"minecraft:dropped":{"mmorpg:rare_mats/farming/lesser":1,"minecraft:wheat_seeds":227,"born_in_chaos_v1:shattered_skull":1,"mmorpg:offhand/dodge/iron":1,"minecraft:rotten_flesh":20,"mmorpg:skill_gems/aura/dex":2,"minecraft:leather_helmet":1,"minecraft:leather_chestplate":2,"minecraft:blue_dye":1,"born_in_chaos_v1:spiny_shell":4,"minecraft:leather_boots":2,"minecraft:cut_sandstone":1,"minecraft:leather_leggings":2,"born_in_chaos_v1:pumpkin_pistol":1,"minecraft:red_dye":1,"minecraft:smooth_sandstone":2},"minecraft:crafted":{"minecraft:red_dye":1,"minecraft:oak_planks":12,"minecraft:crafting_table":1,"minecraft:leather_helmet":1,"minecraft:blue_dye":1,"minecraft:iron_axe":1,"minecraft:stick":4,"minecraft:iron_pickaxe":1},"minecraft:used":{"minecraft:water_bucket":1,"minecraft:diamond_boots":3,"minecraft:carved_pumpkin":1,"minecraft:oak_planks":6,"minecraft:leather_chestplate":1,"minecraft:iron_sword":4,"minecraft:crafting_table":1,"minecraft:granite":2,"minecraft:apple":6,"minecraft:iron_axe":4,"minecraft:bread":7,"minecraft:brown_wool":1,"minecraft:iron_pickaxe":14,"minecraft:oak_pressure_plate":1,"mmorpg:weapon/staff/wood":2,"minecraft:diamond_chestplate":4,"minecraft:diamond_sword":124,"minecraft:bucket":1,"minecraft:acacia_fence":1,"born_in_chaos_v1:black_argillite_brick_slab":1,"minecraft:potato":1,"minecraft:experience_bottle":3},"minecraft:custom":{"minecraft:blood":0,"minecraft:mob_kills":16,"minecraft:dexterity":30,"minecraft:intelligence":36,"minecraft:move_speed":0,"minecraft:interact_with_crafting_table":2,"minecraft:open_barrel":11,"minecraft:fill_cauldron":1,"minecraft:damage_dealt_resisted":172,"minecraft:eat_cake_slice":1,"minecraft:time_since_death":1840,"minecraft:climb_one_cm":609,"minecraft:levels_gained":21,"minecraft:mana":683,"minecraft:time_since_rest":1902,"minecraft:magic_shield":0,"minecraft:damage_absorbed":320,"minecraft:sprint_one_cm":272378,"minecraft:damage_taken":2270,"minecraft:walk_one_cm":210862,"minecraft:drop":100,"minecraft:damage_dealt":1837,"minecraft:health":697,"minecraft:swim_one_cm":5537,"minecraft:talked_to_villager":1,"minecraft:fly_one_cm":295490,"minecraft:open_chest":52,"minecraft:crouch_one_cm":368,"minecraft:play_time":81135,"minecraft:deaths":1,"minecraft:sneak_time":148,"minecraft:walk_under_water_one_cm":572,"minecraft:jump":1521,"minecraft:energy":550,"minecraft:walk_on_water_one_cm":3377,"minecraft:strength":50,"minecraft:total_world_time":81135,"minecraft:use_cauldron":1,"minecraft:fall_one_cm":53529,"minecraft:horse_one_cm":184080},"minecraft:picked_up":{"irons_spellbooks:scroll":1,"born_in_chaos_v1:corpse_maggot":2,"minecraft:leather_chestplate":2,"minecraft:wheat":86,"mmorpg:material/farming/0":1,"minecraft:leather_leggings":2,"minecraft:brown_wool":1,"minecraft:cut_sandstone":1,"minecraft:potato":1,"irons_spellbooks:holy_rune":1,"minecraft:oak_log":4,"minecraft:cornflower":1,"mmorpg:skill_gems/aura/dex":2,"born_in_chaos_v1:pumpkin_pistol":2,"minecraft:iron_leggings":1,"minecraft:leather_boots":2,"minecraft:armor_stand":2,"irons_spellbooks:common_ink":1,"minecraft:smooth_sandstone":2,"minecraft:bone":4,"minecraft:experience_bottle":2,"irons_spellbooks:arcane_essence":3,"minecraft:wheat_seeds":243,"mmorpg:gems/tourmaline/0":1,"mmorpg:rare_mats/farming/lesser":1,"minecraft:iron_ingot":3,"minecraft:red_dye":1,"minecraft:poppy":1,"minecraft:stick":3,"minecraft:raw_iron":4,"born_in_chaos_v1:shattered_skull":1,"minecraft:acacia_fence":1,"born_in_chaos_v1:ethereal_spirit":3,"minecraft:oak_pressure_plate":1,"minecraft:porkchop":2,"sophisticatedbackpacks:iron_backpack":1,"mmorpg:weapon/staff/wood":1,"minecraft:leather_helmet":2,"born_in_chaos_v1:magical_holiday_candy":7,"minecraft:light_gray_bed":1,"minecraft:rotten_flesh":21,"minecraft:clay":4,"born_in_chaos_v1:black_argillite_brick_slab":1,"minecraft:iron_helmet":2,"minecraft:hay_block":2,"minecraft:blue_dye":1,"minecraft:granite":2,"minecraft:carved_pumpkin":1,"born_in_chaos_v1:spiny_shell":4,"born_in_chaos_v1:pumpkin_bullet":22,"mmorpg:offhand/dodge/iron":1},"minecraft:mined":{"minecraft:cut_sandstone":1,"minecraft:glass_pane":2,"minecraft:smooth_sandstone":2,"minecraft:cornflower":1,"minecraft:potted_dead_bush":1,"minecraft:granite":2,"minecraft:poppy":1,"minecraft:white_stained_glass_pane":1,"minecraft:light_gray_bed":1,"minecraft:oak_pressure_plate":1,"minecraft:tall_grass":4,"minecraft:smooth_sandstone_slab":1,"minecraft:wheat":85,"minecraft:iron_ore":4,"minecraft:grass":8,"minecraft:oak_log":4,"minecraft:acacia_fence":1,"minecraft:oak_leaves":6},"minecraft:killed":{"minecraft:pig":4,"born_in_chaos_v1:restless_spirit":1,"born_in_chaos_v1:zombie_lumberjack":1,"born_in_chaos_v1:pumpkin_spirit":1,"born_in_chaos_v1:maggot":3,"minecraft:zombie":4,"born_in_chaos_v1:door_knight":1,"minecraft:villager":1}},"DataVersion":3465}