{"stats":{"minecraft:dropped":{"minecraft:iron_sword":1,"mmorpg:currency/map_rarity_upgrade":2,"mmorpg:skill_gems/support/str":1,"minecraft:glass_bottle":2,"minecraft:diamond":3,"mowziesmobs:ice_crystal":1,"minecraft:glow_berries":10,"minecraft:leather_helmet":1,"minecraft:item_frame":1,"born_in_chaos_v1:monster_flesh":1,"minecraft:dirt":45,"gnumus:gnumus_claw":4,"born_in_chaos_v1:monster_skin":1,"minecraft:cut_sandstone":1,"irons_spellbooks:arcane_essence":1,"minecraft:gilded_blackstone":1,"minecraft:bone_block":24,"minecraft:armor_stand":4,"minecraft:bone":6,"minecraft:oak_door":7,"mmorpg:rare_mats/farming/lesser":1,"irons_spellbooks:blank_rune":1,"minecraft:detector_rail":2,"minecraft:cobbled_deepslate":56,"minecraft:obsidian":12,"born_in_chaos_v1:ethereal_spirit":2,"farmersdelight:cabbage":2,"minecraft:rotten_flesh":26,"minecraft:oak_planks":19,"minecraft:cooked_mutton":1,"minecraft:carrot":6,"cataclysm:stone_tile_stairs":2,"farmersdelight:cutting_board":1,"minecraft:leather_chestplate":2,"born_in_chaos_v1:chipped_black_argillite_brick":1,"minecraft:skeleton_skull":10,"minecraft:melon_seeds":4,"minecraft:leather_boots":2,"born_in_chaos_v1:diamond_termite_shard":2,"farmersdelight:rope":20,"minecraft:leather_leggings":2,"minecraft:blackstone_slab":6,"minecraft:arrow":5,"cataclysm:infernal_forge":1,"minecraft:quartz":34,"minecraft:netherrack":29,"farmersdelight:tomato_seeds":7,"minecraft:bread":74,"minecraft:oak_slab":4,"mmorpg:jewel/dex":2,"born_in_chaos_v1:shattered_skull":1,"minecraft:wheat_seeds":238,"mmorpg:offhand/dodge/iron":2,"minecraft:oak_fence":3,"mmorpg:runes/ita":1,"born_in_chaos_v1:holiday_candy":23,"minecraft:iron_helmet":1,"minecraft:cobblestone":131,"minecraft:apple":3,"mmorpg:skill_gems/aura/int":1,"mmorpg:skill_gems/aura/dex":2,"mmorpg:weapon/staff/wood":1,"minecraft:stick":23,"mmorpg:map":2,"another_furniture:oak_bench":9,"minecraft:blue_dye":1,"born_in_chaos_v1:black_argillite":18,"minecraft:leather_horse_armor":1,"minecraft:potion":1,"minecraft:iron_leggings":4,"irons_spellbooks:common_ink":1,"born_in_chaos_v1:pumpkin_pistol":2,"minecraft:red_dye":1,"born_in_chaos_v1:staffof_magic_arrows":1,"minecraft:string":1,"minecraft:smooth_sandstone":2,"irons_spellbooks:frozen_bone":10,"minecraft:redstone":2,"minecraft:oak_trapdoor":5,"minecraft:bowl":1,"minecraft:tuff":16,"minecraft:experience_bottle":1,"farmersdelight:cabbage_seeds":14,"minecraft:iron_boots":3,"minecraft:stripped_oak_log":1,"minecraft:name_tag":1,"mmorpg:material/mining/0":4,"minecraft:filled_map":4,"mmorpg:currency/orb_of_quality":1,"minecraft:iron_chestplate":2,"minecraft:diamond_pickaxe":1,"born_in_chaos_v1:spiny_shell":4,"minecraft:oak_sapling":1,"minecraft:bow":1,"minecraft:calcite":4,"farmersdelight:tomato":1},"minecraft:crafted":{"minecraft:oak_planks":288,"born_in_chaos_v1:dark_charge":8,"farmersdelight:rope":4,"farmersdelight:safety_net":1,"minecraft:oak_fence":81,"minecraft:oak_slab":126,"minecraft:crafting_table":4,"minecraft:diamond_pickaxe":1,"sophisticatedbackpacks:diamond_backpack":1,"minecraft:stick":72,"minecraft:iron_ingot":27,"minecraft:iron_pickaxe":1,"minecraft:iron_block":1,"minecraft:gold_ingot":18,"minecraft:oak_door":3,"minecraft:raw_iron":54,"minecraft:diamond_hoe":1,"minecraft:diamond_block":7,"minecraft:oak_trapdoor":6,"minecraft:diamond":72,"minecraft:iron_axe":1,"minecraft:iron_hoe":1,"another_furniture:oak_bench":3,"minecraft:diamond_boots":1,"minecraft:minecart":1,"minecraft:red_dye":1,"minecraft:leather_helmet":1,"sophisticatedbackpacks:gold_backpack":1,"minecraft:blue_dye":1,"minecraft:potion":1,"minecraft:raw_gold":45,"minecraft:oak_stairs":72,"minecraft:iron_shovel":3,"minecraft:acacia_planks":8,"minecraft:diamond_chestplate":1},"minecraft:used":{"minecraft:iron_shovel":652,"born_in_chaos_v1:intoxicating_decoction":1,"farmersdelight:cabbage_seeds":9,"minecraft:diamond_hoe":11,"minecraft:iron_sword":4,"minecraft:player_head":1,"minecraft:carrot":23,"born_in_chaos_v1:soul_cutlass":294,"minecraft:beehive":1,"fantasyfurniture:decorations/brewing_cauldron":1,"cataclysm:infernal_forge":14,"minecraft:lantern":11,"minecraft:item_frame":2,"minecraft:oak_sapling":4,"farmersdelight:safety_net":8,"minecraft:acacia_fence":1,"minecraft:skeleton_skull":13,"minecraft:potato":1,"minecraft:dark_oak_stairs":1,"minecraft:diamond_boots":4,"minecraft:oak_planks":10,"minecraft:leather_chestplate":1,"minecraft:golden_apple":3,"minecraft:mushroom_stew":1,"born_in_chaos_v1:holiday_candy":2,"minecraft:firework_rocket":5,"minecraft:zombie_head":2,"minecraft:melon_slice":15,"minecraft:string":5,"minecraft:bread":32,"minecraft:brown_wool":1,"minecraft:oak_pressure_plate":1,"minecraft:gravel":2,"minecraft:diamond_sword":1069,"minecraft:birch_log":1,"minecraft:oak_fence":83,"minecraft:experience_bottle":4,"minecraft:oak_trapdoor":1,"born_in_chaos_v1:ethereal_spirit":4,"minecraft:carved_pumpkin":1,"minecraft:armor_stand":2,"minecraft:netherrack":117,"minecraft:oak_door":5,"minecraft:torch":8,"minecraft:dirt":687,"another_furniture:oak_bench":3,"minecraft:granite":2,"farmersdelight:rope":25,"minecraft:iron_hoe":25,"minecraft:iron_axe":246,"minecraft:oak_stairs":103,"minecraft:diamond_chestplate":4,"minecraft:light_gray_wool":1,"born_in_chaos_v1:black_argillite_brick_slab":1,"minecraft:minecart":3,"minecraft:light_gray_bed":1,"farmersdelight:tomato_seeds":10,"minecraft:cobbled_deepslate":1,"minecraft:pumpkin":2,"sophisticatedbackpacks:gold_backpack":4,"minecraft:cooked_mutton":1,"minecraft:water_bucket":10,"born_in_chaos_v1:black_argillite_brick_stairs":1,"minecraft:rail":2,"minecraft:mossy_cobblestone":1,"minecraft:oak_slab":141,"minecraft:crafting_table":8,"minecraft:cod":3,"cataclysm:stone_tile_stairs":1,"minecraft:smoker":1,"minecraft:oak_log":64,"minecraft:diamond_pickaxe":1195,"minecraft:apple":36,"minecraft:iron_pickaxe":297,"minecraft:map":1,"mmorpg:weapon/staff/wood":28,"minecraft:cobblestone":14,"minecraft:bucket":10,"minecraft:splash_potion":1},"minecraft:custom":{"minecraft:blood":0,"minecraft:dexterity":23,"minecraft:interact_with_crafting_table":59,"minecraft:open_barrel":73,"minecraft:bell_ring":18,"minecraft:eat_cake_slice":1,"minecraft:leave_game":7,"minecraft:time_since_death":4316,"minecraft:sprint_one_cm":1868021,"minecraft:drop":381,"minecraft:health":537,"minecraft:talked_to_villager":2,"minecraft:play_time":680071,"minecraft:deaths":31,"minecraft:jump":11349,"minecraft:interact_with_brewingstand":1,"minecraft:energy":490,"minecraft:walk_on_water_one_cm":92075,"minecraft:enchant_item":2,"minecraft:interact_with_furnace":3,"minecraft:intelligence":24,"minecraft:traded_with_villager":1,"minecraft:sleep_in_bed":21,"minecraft:levels_gained":22,"minecraft:damage_dealt":19935,"minecraft:crouch_one_cm":10000,"minecraft:interact_with_smoker":1,"minecraft:use_cauldron":1,"minecraft:inspect_dispenser":3,"minecraft:horse_one_cm":184080,"minecraft:interact_with_anvil":4,"minecraft:mob_kills":158,"minecraft:fill_cauldron":1,"minecraft:damage_dealt_resisted":2166,"minecraft:climb_one_cm":7911,"minecraft:mana":595,"minecraft:magic_shield":0,"minecraft:walk_one_cm":1879248,"minecraft:sneak_time":10818,"minecraft:walk_under_water_one_cm":153188,"minecraft:interact_with_blast_furnace":4,"minecraft:total_world_time":680071,"minecraft:move_speed":0,"minecraft:time_since_rest":4341,"minecraft:damage_taken":38023,"minecraft:damage_absorbed":4863,"minecraft:swim_one_cm":148543,"minecraft:fly_one_cm":3543895,"minecraft:open_chest":244,"minecraft:aviate_one_cm":5494,"minecraft:strength":30,"minecraft:fall_one_cm":473463},"minecraft:killed_by":{"minecraft:pillager":1,"irons_spellbooks:citadel_keeper":2,"born_in_chaos_v1:diamond_termite":1,"cataclysm:deepling_brute":1,"minecraft:player":5,"born_in_chaos_v1:bone_imp":1,"cataclysm:deepling_warlock":1,"minecraft:skeleton":2,"cataclysm:netherite_monstrosity":2},"minecraft:picked_up":{"irons_spellbooks:scroll":19,"mmorpg:currency/orb_of_quality":2,"minecraft:iron_chestplate":4,"minecraft:wheat":86,"mmorpg:material/farming/0":2,"cataclysm:monstrous_horn":1,"gnumus:gnumus_claw":4,"minecraft:smithing_table":1,"minecraft:oak_stairs":37,"irons_spellbooks:holy_rune":1,"minecraft:gilded_blackstone":2,"minecraft:amethyst_block":13,"born_in_chaos_v1:holiday_candy":48,"born_in_chaos_v1:black_argillite":18,"farmersdelight:cutting_board":1,"mmorpg:skill_gems/aura/dex":3,"minecraft:string":14,"minecraft:iron_leggings":5,"minecraft:armor_stand":6,"minecraft:experience_bottle":3,"minecraft:zombie_head":2,"mmorpg:jewel/dex":2,"irons_spellbooks:arcane_essence":4,"minecraft:diamond_leggings":1,"minecraft:gold_nugget":19,"mmorpg:map":2,"minecraft:cobbled_deepslate":57,"mmorpg:gems/tourmaline/0":1,"farmersdelight:cabbage":2,"minecraft:red_dye":1,"minecraft:calcite":4,"irons_spellbooks:blank_rune":1,"minecraft:melon_slice":51,"farmersdelight:cabbage_seeds":26,"minecraft:iron_boots":3,"minecraft:tipped_arrow":5,"minecraft:stick":34,"minecraft:polished_blackstone_brick_slab":1,"minecraft:beehive":1,"born_in_chaos_v1:shattered_skull":2,"minecraft:acacia_fence":1,"mowziesmobs:sol_visage":1,"minecraft:oak_fence":9,"minecraft:torch":32,"minecraft:acacia_log":2,"minecraft:porkchop":2,"born_in_chaos_v1:black_argillite_brick_stairs":1,"minecraft:light_gray_bed":1,"minecraft:rotten_flesh":33,"born_in_chaos_v1:magical_holiday_candy":7,"minecraft:blue_dye":1,"minecraft:iron_block":2,"minecraft:carved_pumpkin":1,"gnumus:gnumus_chickpeas":3,"farmersdelight:rope":42,"mmorpg:runes/ita":1,"minecraft:obsidian":12,"minecraft:cod":3,"cataclysm:stone_pillar":2,"minecraft:cobblestone":225,"minecraft:birch_log":1,"born_in_chaos_v1:staffof_magic_arrows":1,"minecraft:leather_chestplate":2,"born_in_chaos_v1:spiritual_dust":3,"minecraft:brown_wool":1,"farmersdelight:safety_net":8,"minecraft:smoker":1,"minecraft:potato":1,"minecraft:tuff":16,"minecraft:wither_skeleton_skull":1,"minecraft:map":1,"minecraft:lapis_lazuli":114,"farmersdelight:tomato":2,"minecraft:dirt":730,"minecraft:lantern":11,"gnumus:gnumus_pouch_2":1,"minecraft:name_tag":1,"born_in_chaos_v1:pumpkin_pistol":3,"born_in_chaos_v1:monster_skin":1,"minecraft:leather_boots":2,"minecraft:bone":17,"minecraft:bow":2,"minecraft:wheat_seeds":256,"minecraft:oak_planks":104,"mmorpg:skill_gems/support/str":2,"irons_spellbooks:frozen_bone":10,"minecraft:oak_pressure_plate":1,"minecraft:polished_blackstone_slab":2,"sophisticatedbackpacks:iron_backpack":1,"minecraft:diamond_block":1,"minecraft:mossy_cobblestone":1,"minecraft:clay":4,"born_in_chaos_v1:fire_dust":1,"minecraft:diamond":87,"minecraft:granite":2,"minecraft:emerald":6,"minecraft:bread":77,"minecraft:oak_sapling":5,"minecraft:netherrack":176,"mmorpg:chest/uncommon_gear":1,"minecraft:diamond_pickaxe":1,"sophisticatedbackpacks:gold_backpack":4,"minecraft:crafting_table":4,"born_in_chaos_v1:diamond_termite_shard":11,"mmorpg:skill_gems/aura/str":1,"minecraft:chicken":1,"born_in_chaos_v1:seedof_chaos":1,"cataclysm:stone_tile_stairs":3,"minecraft:chest_minecart":1,"minecraft:leather_leggings":2,"mmorpg:jewelry/ring/iron":1,"minecraft:stone_brick_wall":1,"minecraft:gold_block":3,"minecraft:chain":1,"minecraft:cornflower":1,"minecraft:oak_trapdoor":5,"minecraft:netherite_scrap":3,"born_in_chaos_v1:intoxicating_decoction":3,"minecraft:item_frame":3,"minecraft:blackstone":5,"minecraft:cracked_stone_bricks":1,"minecraft:detector_rail":2,"minecraft:beef":3,"minecraft:player_head":1,"minecraft:iron_nugget":127,"minecraft:poppy":1,"minecraft:light_gray_wool":1,"minecraft:spruce_slab":2,"minecraft:minecart":3,"mmorpg:offhand/tome/iron":1,"minecraft:egg":1,"mmorpg:material/mining/0":4,"minecraft:raw_iron":47,"minecraft:raw_gold_block":5,"minecraft:oak_door":9,"minecraft:polished_blackstone_bricks":17,"farmersdelight:tomato_seeds":28,"mmorpg:skill_gems/support/int":1,"minecraft:carrot":18,"minecraft:redstone":2,"minecraft:tnt":1,"minecraft:arrow":8,"minecraft:diamond_chestplate":1,"minecraft:hay_block":2,"mowziesmobs:ice_crystal":1,"born_in_chaos_v1:spiny_shell":4,"minecraft:gold_ingot":15,"minecraft:black_banner":2,"minecraft:glow_berries":10,"minecraft:mutton":12,"minecraft:skeleton_skull":23,"minecraft:bone_block":24,"minecraft:rail":13,"minecraft:oxeye_daisy":1,"minecraft:wet_sponge":1,"minecraft:stripped_oak_log":1,"born_in_chaos_v1:corpse_maggot":2,"born_in_chaos_v1:monster_flesh":1,"born_in_chaos_v1:pumpkin_staff":1,"minecraft:cut_sandstone":1,"minecraft:blackstone_slab":6,"another_furniture:oak_bench":9,"gnumus:gnumus_pouch":1,"minecraft:filled_map":2,"minecraft:oak_log":81,"minecraft:ancient_debris":3,"mmorpg:currency/map_rarity_upgrade":1,"minecraft:cooked_mutton":2,"irons_spellbooks:common_ink":2,"minecraft:smooth_sandstone":2,"cataclysm:infernal_forge":1,"born_in_chaos_v1:soul_cutlass":1,"minecraft:apple":9,"minecraft:stone_bricks":37,"cataclysm:void_core":1,"cataclysm:sandstorm_in_a_bottle":1,"minecraft:iron_ingot":14,"mmorpg:rare_mats/farming/lesser":1,"born_in_chaos_v1:chipped_black_argillite_brick":1,"minecraft:glass_bottle":2,"irons_spellbooks:cinder_essence":3,"minecraft:iron_sword":1,"minecraft:acacia_sapling":2,"minecraft:dark_oak_stairs":1,"minecraft:oak_slab":45,"minecraft:emerald_block":1,"minecraft:pumpkin":2,"born_in_chaos_v1:ethereal_spirit":6,"born_in_chaos_v1:orbofthe_summoner":1,"minecraft:quartz":34,"minecraft:raw_iron_block":6,"minecraft:gravel":2,"born_in_chaos_v1:dark_rod":3,"mmorpg:weapon/staff/wood":2,"fantasyfurniture:decorations/brewing_cauldron":1,"minecraft:spider_eye":1,"minecraft:leather_helmet":2,"born_in_chaos_v1:black_argillite_brick_slab":1,"minecraft:iron_helmet":4,"minecraft:warped_roots":2,"minecraft:melon_seeds":4,"born_in_chaos_v1:pumpkin_bullet":22,"mmorpg:offhand/dodge/iron":2},"minecraft:mined":{"minecraft:dark_oak_planks":1,"minecraft:large_amethyst_bud":1,"minecraft:oak_sapling":3,"minecraft:farmland":2,"irons_spellbooks:armor_pile":14,"minecraft:sculk_vein":3,"sophisticatedbackpacks:gold_backpack":3,"minecraft:obsidian":12,"cataclysm:stone_pillar":2,"minecraft:potted_dead_bush":1,"minecraft:granite":2,"minecraft:budding_amethyst":1,"minecraft:stone_brick_wall":1,"minecraft:acacia_log":2,"minecraft:grass_block":460,"minecraft:cracked_polished_blackstone_bricks":3,"minecraft:light_gray_bed":1,"minecraft:oak_pressure_plate":1,"minecraft:soul_soil":2,"farmersdelight:budding_tomatoes":2,"minecraft:gilded_blackstone":2,"minecraft:spawner":6,"minecraft:weeping_vines_plant":1,"minecraft:polished_blackstone_bricks":25,"minecraft:raw_iron_block":6,"minecraft:iron_ore":26,"minecraft:fire":2,"minecraft:cobbled_deepslate":3,"born_in_chaos_v1:black_argillite_brick_stairs":1,"minecraft:pumpkin":2,"minecraft:deepslate_lapis_ore":13,"minecraft:dark_oak_stairs":1,"minecraft:skeleton_wall_skull":3,"minecraft:dirt_path":2,"minecraft:small_amethyst_bud":1,"minecraft:oak_stairs":40,"minecraft:purple_carpet":2,"minecraft:iron_block":2,"minecraft:player_head":1,"minecraft:spruce_slab":2,"minecraft:soul_wall_torch":1,"minecraft:cut_sandstone":1,"minecraft:blackstone":6,"minecraft:medium_amethyst_bud":1,"minecraft:crimson_nylium":8,"born_in_chaos_v1:infected_deepslate_diamond_ore":3,"minecraft:melon":11,"minecraft:calcite":9,"minecraft:poppy":1,"minecraft:white_stained_glass_pane":1,"minecraft:dead_bush":2,"farmersdelight:safety_net":8,"minecraft:glass":2,"farmersdelight:cabbages":8,"minecraft:smooth_quartz_slab":1,"minecraft:nether_quartz_ore":12,"minecraft:cobblestone":3,"minecraft:smooth_sandstone_slab":1,"minecraft:wall_torch":3,"minecraft:amethyst_block":14,"minecraft:skeleton_skull":10,"minecraft:chain":2,"minecraft:warped_nylium":4,"minecraft:nether_wart_block":1,"minecraft:warped_planks":1,"minecraft:birch_log":13,"minecraft:wheat":86,"minecraft:blue_ice":8,"minecraft:tnt":1,"minecraft:stone_brick_stairs":1,"minecraft:grass":28,"minecraft:oak_log":81,"minecraft:acacia_fence":1,"minecraft:dirt":228,"minecraft:smooth_basalt":7,"minecraft:wither_skeleton_skull":1,"born_in_chaos_v1:infernal_evil_pumpkin_s":1,"minecraft:ancient_debris":3,"minecraft:netherrack":203,"minecraft:oak_leaves":61,"minecraft:deepslate":324,"minecraft:emerald_block":1,"minecraft:diamond_ore":2,"minecraft:tuff":24,"minecraft:mossy_cobblestone":1,"minecraft:deepslate_diamond_ore":57,"minecraft:dark_oak_leaves":1,"minecraft:oak_door":2,"born_in_chaos_v1:infected_diamond_ore":3,"cataclysm:stone_tile_stairs":2,"born_in_chaos_v1:black_argillite":12,"minecraft:crimson_roots":1,"minecraft:white_stained_glass":3,"farmersdelight:tomatoes":8,"minecraft:spruce_leaves":18,"minecraft:kelp":3,"minecraft:raw_gold_block":5,"minecraft:andesite":2,"minecraft:diamond_block":1,"another_furniture:oak_bench":3,"minecraft:gold_block":4,"farmersdelight:rope":22,"minecraft:deepslate_iron_ore":14,"minecraft:rail":2,"minecraft:lantern":5,"minecraft:stripped_oak_log":1,"minecraft:wet_sponge":1,"minecraft:stone":443,"minecraft:bone_block":12,"minecraft:smithing_table":1,"minecraft:oak_slab":33,"minecraft:glass_pane":11,"minecraft:soul_sand":2,"minecraft:basalt":1,"minecraft:oak_fence":6,"minecraft:smooth_sandstone":2,"minecraft:crafting_table":4,"minecraft:cornflower":1,"minecraft:blackstone_slab":1,"minecraft:warped_roots":2,"minecraft:campfire":2,"minecraft:copper_ore":5,"minecraft:tall_grass":14,"minecraft:lapis_ore":4,"farmersdelight:wild_tomatoes":9,"minecraft:sculk":43,"minecraft:beehive":1,"minecraft:polished_blackstone_slab":1,"minecraft:birch_leaves":43,"minecraft:jungle_fence":2,"minecraft:zombie_head":2,"fantasyfurniture:decorations/brewing_cauldron":1,"minecraft:gravel":2,"minecraft:cobweb":33,"minecraft:cracked_stone_bricks":2,"minecraft:stone_bricks":38,"minecraft:deepslate_emerald_ore":3},"minecraft:broken":{"minecraft:iron_shovel":2,"minecraft:iron_boots":1,"minecraft:iron_chestplate":1,"minecraft:leather_helmet":1,"minecraft:diamond_chestplate":1,"minecraft:iron_axe":1},"minecraft:killed":{"minecraft:cave_spider":9,"born_in_chaos_v1:mr_pumpkin":2,"minecraft:witch":1,"born_in_chaos_v1:restless_spirit":1,"born_in_chaos_v1:zombie_lumberjack":1,"born_in_chaos_v1:sir_the_headless":1,"born_in_chaos_v1:pumpkin_spirit":1,"minecraft:spider":5,"irons_spellbooks:summoned_polar_bear":1,"born_in_chaos_v1:baby_skeleton_minion":1,"born_in_chaos_v1:scarlet_persecutor":1,"minecraft:skeleton":8,"minecraft:chicken":2,"minecraft:piglin_brute":1,"minecraft:piglin":1,"minecraft:pig":4,"born_in_chaos_v1:diamond_termite":9,"irons_spellbooks:necromancer":1,"minecraft:creeper":1,"minecraft:sheep":12,"born_in_chaos_v1:zombie_fisherman":1,"minecraft:pillager":1,"mmorpg:cold_golem":3,"minecraft:zombie":18,"born_in_chaos_v1:dread_hound":1,"born_in_chaos_v1:corpse_fly":1,"minecraft:stray":9,"born_in_chaos_v1:door_knight":2,"minecraft:vex":2,"born_in_chaos_v1:missioner":1,"irons_spellbooks:summoned_zombie":2,"minecraft:slime":1,"born_in_chaos_v1:maggot":3,"born_in_chaos_v1:firelight":2,"born_in_chaos_v1:pumpkinhead":1,"minecraft:horse":1,"gnumus:gnumus_hunter":2,"born_in_chaos_v1:corpse_fish":3,"gnumus:gnumus_hunter_not_dispawn":1,"minecraft:husk":1,"born_in_chaos_v1:bone_imp_minion":1,"born_in_chaos_v1:baby_skeleton":1,"irons_spellbooks:citadel_keeper":1,"born_in_chaos_v1:decrepit_skeleton":1,"born_in_chaos_v1:dark_vortex":3,"cataclysm:deepling_priest":1,"minecraft:wither_skeleton":2,"minecraft:villager":1,"minecraft:enderman":1}},"DataVersion":3465}