{"stats":{"minecraft:dropped":{"mmorpg:currency/map_rarity_upgrade":2,"minecraft:wheat_seeds":227,"born_in_chaos_v1:shattered_skull":1,"mmorpg:skill_gems/support/str":1,"mmorpg:offhand/dodge/iron":1,"mowziesmobs:ice_crystal":1,"mmorpg:runes/ita":1,"mmorpg:skill_gems/aura/dex":2,"minecraft:leather_helmet":1,"mmorpg:map":2,"minecraft:blue_dye":1,"minecraft:leather_horse_armor":1,"minecraft:cut_sandstone":1,"minecraft:iron_leggings":2,"born_in_chaos_v1:pumpkin_pistol":1,"minecraft:red_dye":1,"minecraft:smooth_sandstone":2,"irons_spellbooks:frozen_bone":10,"mmorpg:rare_mats/farming/lesser":1,"minecraft:rotten_flesh":20,"minecraft:filled_map":2,"minecraft:leather_chestplate":2,"born_in_chaos_v1:spiny_shell":4,"minecraft:leather_boots":2,"minecraft:leather_leggings":2},"minecraft:crafted":{"minecraft:oak_planks":12,"minecraft:iron_axe":1,"minecraft:red_dye":1,"minecraft:crafting_table":1,"sophisticatedbackpacks:gold_backpack":1,"minecraft:leather_helmet":1,"minecraft:blue_dye":1,"minecraft:stick":4,"minecraft:iron_pickaxe":1},"minecraft:used":{"minecraft:carved_pumpkin":1,"minecraft:armor_stand":2,"born_in_chaos_v1:intoxicating_decoction":1,"minecraft:iron_sword":4,"minecraft:dirt":9,"minecraft:carrot":23,"minecraft:granite":2,"minecraft:iron_axe":6,"minecraft:diamond_chestplate":4,"minecraft:acacia_fence":1,"born_in_chaos_v1:black_argillite_brick_slab":1,"minecraft:potato":1,"minecraft:light_gray_bed":1,"minecraft:water_bucket":2,"minecraft:diamond_boots":3,"minecraft:oak_planks":6,"minecraft:leather_chestplate":1,"born_in_chaos_v1:black_argillite_brick_stairs":1,"minecraft:golden_apple":3,"minecraft:crafting_table":1,"minecraft:apple":6,"minecraft:firework_rocket":5,"minecraft:bread":10,"minecraft:iron_pickaxe":20,"minecraft:brown_wool":1,"minecraft:map":1,"minecraft:oak_pressure_plate":1,"minecraft:gravel":2,"mmorpg:weapon/staff/wood":17,"minecraft:diamond_sword":397,"minecraft:bucket":2,"minecraft:splash_potion":1,"minecraft:experience_bottle":3},"minecraft:custom":{"minecraft:blood":0,"minecraft:mob_kills":49,"minecraft:dexterity":30,"minecraft:interact_with_crafting_table":5,"minecraft:open_barrel":33,"minecraft:fill_cauldron":1,"minecraft:damage_dealt_resisted":289,"minecraft:eat_cake_slice":1,"minecraft:leave_game":3,"minecraft:time_since_death":3008,"minecraft:climb_one_cm":2778,"minecraft:mana":683,"minecraft:magic_shield":0,"minecraft:sprint_one_cm":624135,"minecraft:walk_one_cm":495846,"minecraft:drop":113,"minecraft:health":697,"minecraft:talked_to_villager":1,"minecraft:play_time":175428,"minecraft:deaths":6,"minecraft:sneak_time":259,"minecraft:walk_under_water_one_cm":5796,"minecraft:jump":3335,"minecraft:energy":550,"minecraft:walk_on_water_one_cm":22041,"minecraft:total_world_time":175428,"minecraft:intelligence":36,"minecraft:move_speed":0,"minecraft:sleep_in_bed":3,"minecraft:levels_gained":21,"minecraft:time_since_rest":3033,"minecraft:damage_taken":10224,"minecraft:damage_absorbed":577,"minecraft:damage_dealt":5683,"minecraft:swim_one_cm":28091,"minecraft:fly_one_cm":639196,"minecraft:open_chest":101,"minecraft:crouch_one_cm":623,"minecraft:aviate_one_cm":5494,"minecraft:strength":50,"minecraft:use_cauldron":1,"minecraft:fall_one_cm":122396,"minecraft:inspect_dispenser":3,"minecraft:horse_one_cm":184080},"minecraft:killed_by":{"minecraft:player":1,"minecraft:pillager":1},"minecraft:picked_up":{"irons_spellbooks:scroll":17,"minecraft:iron_chestplate":1,"minecraft:wheat":86,"mmorpg:material/farming/0":1,"born_in_chaos_v1:seedof_chaos":1,"minecraft:leather_leggings":2,"mmorpg:skill_gems/aura/str":1,"mmorpg:jewelry/ring/iron":1,"irons_spellbooks:holy_rune":1,"minecraft:chain":1,"minecraft:cornflower":1,"mmorpg:skill_gems/aura/dex":3,"minecraft:string":8,"minecraft:iron_leggings":3,"born_in_chaos_v1:intoxicating_decoction":3,"minecraft:armor_stand":2,"minecraft:experience_bottle":2,"irons_spellbooks:arcane_essence":3,"mmorpg:map":2,"mmorpg:gems/tourmaline/0":1,"minecraft:red_dye":1,"minecraft:poppy":1,"minecraft:spruce_slab":2,"minecraft:tipped_arrow":5,"minecraft:stick":3,"minecraft:raw_iron":4,"born_in_chaos_v1:shattered_skull":2,"minecraft:acacia_fence":1,"mowziesmobs:sol_visage":1,"minecraft:porkchop":2,"mmorpg:skill_gems/support/int":1,"minecraft:carrot":18,"born_in_chaos_v1:black_argillite_brick_stairs":1,"minecraft:arrow":6,"minecraft:light_gray_bed":1,"minecraft:rotten_flesh":24,"born_in_chaos_v1:magical_holiday_candy":7,"minecraft:hay_block":2,"mowziesmobs:ice_crystal":1,"minecraft:blue_dye":1,"minecraft:carved_pumpkin":1,"mmorpg:runes/ita":1,"born_in_chaos_v1:spiny_shell":4,"minecraft:gold_ingot":15,"minecraft:oxeye_daisy":1,"born_in_chaos_v1:corpse_maggot":2,"born_in_chaos_v1:staffof_magic_arrows":1,"minecraft:leather_chestplate":2,"born_in_chaos_v1:monster_flesh":1,"born_in_chaos_v1:spiritual_dust":3,"minecraft:brown_wool":1,"minecraft:cut_sandstone":1,"minecraft:potato":1,"minecraft:filled_map":1,"minecraft:oak_log":4,"mmorpg:currency/map_rarity_upgrade":1,"minecraft:dirt":9,"born_in_chaos_v1:pumpkin_pistol":2,"born_in_chaos_v1:monster_skin":1,"minecraft:leather_boots":2,"irons_spellbooks:common_ink":1,"minecraft:smooth_sandstone":2,"minecraft:bone":10,"minecraft:wheat_seeds":243,"cataclysm:void_core":1,"minecraft:iron_ingot":3,"mmorpg:rare_mats/farming/lesser":1,"mmorpg:skill_gems/support/str":2,"irons_spellbooks:frozen_bone":10,"born_in_chaos_v1:orbofthe_summoner":1,"born_in_chaos_v1:ethereal_spirit":4,"minecraft:oak_pressure_plate":1,"born_in_chaos_v1:dark_rod":1,"minecraft:gravel":2,"sophisticatedbackpacks:iron_backpack":1,"mmorpg:weapon/staff/wood":1,"minecraft:spider_eye":1,"minecraft:leather_helmet":2,"minecraft:clay":4,"born_in_chaos_v1:black_argillite_brick_slab":1,"minecraft:iron_helmet":2,"minecraft:granite":2,"minecraft:emerald":2,"mmorpg:chest/uncommon_gear":1,"mmorpg:offhand/dodge/iron":2,"born_in_chaos_v1:pumpkin_bullet":22},"minecraft:mined":{"minecraft:dark_oak_leaves":1,"minecraft:potted_dead_bush":1,"minecraft:granite":2,"minecraft:grass_block":1,"minecraft:light_gray_bed":1,"minecraft:oak_pressure_plate":1,"minecraft:spawner":4,"minecraft:iron_ore":4,"born_in_chaos_v1:black_argillite_brick_stairs":1,"minecraft:spruce_slab":2,"minecraft:cut_sandstone":1,"minecraft:glass_pane":4,"minecraft:smooth_sandstone":2,"minecraft:cornflower":1,"minecraft:poppy":1,"minecraft:white_stained_glass_pane":1,"minecraft:tall_grass":4,"minecraft:smooth_sandstone_slab":1,"minecraft:chain":1,"minecraft:wheat":85,"minecraft:birch_leaves":2,"minecraft:grass":8,"minecraft:oak_log":4,"minecraft:acacia_fence":1,"minecraft:cobweb":2,"minecraft:oak_leaves":9},"minecraft:broken":{"minecraft:leather_helmet":1},"minecraft:killed":{"minecraft:vex":2,"minecraft:cave_spider":3,"irons_spellbooks:summoned_zombie":1,"born_in_chaos_v1:zombie_lumberjack":1,"born_in_chaos_v1:restless_spirit":1,"born_in_chaos_v1:pumpkin_spirit":1,"minecraft:spider":3,"irons_spellbooks:summoned_polar_bear":1,"born_in_chaos_v1:maggot":3,"minecraft:skeleton":3,"minecraft:husk":1,"minecraft:pig":4,"born_in_chaos_v1:bone_imp_minion":1,"irons_spellbooks:necromancer":1,"mmorpg:cold_golem":2,"minecraft:zombie":6,"born_in_chaos_v1:dark_vortex":1,"minecraft:stray":9,"born_in_chaos_v1:door_knight":1,"minecraft:wither_skeleton":2,"minecraft:villager":1}},"DataVersion":3465}