{"stats":{"minecraft:dropped":{"born_in_chaos_v1:shattered_skull":1},"minecraft:crafted":{"minecraft:oak_planks":12},"minecraft:used":{"minecraft:apple":2,"minecraft:diamond_boots":3,"minecraft:oak_planks":6,"minecraft:iron_sword":4,"minecraft:diamond_chestplate":3,"mmorpg:weapon/staff/wood":1,"minecraft:diamond_sword":19},"minecraft:custom":{"minecraft:time_since_rest":15135,"minecraft:blood":0,"minecraft:magic_shield":0,"minecraft:sprint_one_cm":28522,"minecraft:walk_one_cm":47296,"minecraft:damage_taken":479,"minecraft:damage_absorbed":64,"minecraft:mob_kills":6,"minecraft:drop":1,"minecraft:dexterity":16,"minecraft:intelligence":25,"minecraft:damage_dealt":545,"minecraft:health":319,"minecraft:move_speed":0,"minecraft:swim_one_cm":1603,"minecraft:fly_one_cm":21520,"minecraft:open_barrel":2,"minecraft:open_chest":8,"minecraft:crouch_one_cm":368,"minecraft:play_time":15135,"minecraft:sneak_time":131,"minecraft:walk_under_water_one_cm":160,"minecraft:jump":175,"minecraft:damage_dealt_resisted":130,"minecraft:energy":340,"minecraft:time_since_death":15135,"minecraft:walk_on_water_one_cm":103,"minecraft:strength":16,"minecraft:total_world_time":15135,"minecraft:climb_one_cm":16,"minecraft:levels_gained":14,"minecraft:fall_one_cm":6687,"minecraft:mana":482},"minecraft:picked_up":{"born_in_chaos_v1:corpse_maggot":2,"born_in_chaos_v1:shattered_skull":1,"minecraft:oak_log":4,"minecraft:bone":1,"minecraft:light_gray_bed":1,"minecraft:rotten_flesh":9,"minecraft:iron_ingot":2},"minecraft:mined":{"minecraft:oak_log":4,"minecraft:light_gray_bed":1,"minecraft:oak_leaves":1},"minecraft:killed":{"minecraft:zombie":2,"born_in_chaos_v1:door_knight":1,"born_in_chaos_v1:maggot":3}},"DataVersion":3465}