{"stats":{"minecraft:dropped":{"born_in_chaos_v1:shattered_skull":1,"mmorpg:offhand/dodge/iron":1,"minecraft:rotten_flesh":18,"mmorpg:skill_gems/aura/dex":2,"born_in_chaos_v1:spiny_shell":4,"minecraft:cut_sandstone":1,"minecraft:smooth_sandstone":2},"minecraft:crafted":{"minecraft:oak_planks":12,"minecraft:crafting_table":1,"minecraft:iron_axe":1,"minecraft:stick":4,"minecraft:iron_pickaxe":1},"minecraft:used":{"minecraft:diamond_boots":3,"minecraft:oak_planks":6,"minecraft:iron_sword":4,"minecraft:crafting_table":1,"minecraft:granite":2,"minecraft:apple":6,"minecraft:iron_axe":4,"minecraft:bread":2,"minecraft:brown_wool":1,"minecraft:iron_pickaxe":14,"mmorpg:weapon/staff/wood":2,"minecraft:diamond_chestplate":3,"minecraft:diamond_sword":62,"born_in_chaos_v1:black_argillite_brick_slab":1,"minecraft:experience_bottle":1},"minecraft:custom":{"minecraft:blood":0,"minecraft:mob_kills":12,"minecraft:dexterity":16,"minecraft:intelligence":25,"minecraft:move_speed":0,"minecraft:interact_with_crafting_table":2,"minecraft:open_barrel":8,"minecraft:damage_dealt_resisted":130,"minecraft:eat_cake_slice":1,"minecraft:time_since_death":45135,"minecraft:climb_one_cm":16,"minecraft:levels_gained":21,"minecraft:mana":560,"minecraft:time_since_rest":45135,"minecraft:magic_shield":0,"minecraft:damage_absorbed":121,"minecraft:sprint_one_cm":154794,"minecraft:damage_taken":948,"minecraft:walk_one_cm":124912,"minecraft:drop":20,"minecraft:damage_dealt":1155,"minecraft:health":436,"minecraft:swim_one_cm":3614,"minecraft:fly_one_cm":156240,"minecraft:open_chest":34,"minecraft:crouch_one_cm":368,"minecraft:play_time":45135,"minecraft:sneak_time":131,"minecraft:walk_under_water_one_cm":324,"minecraft:jump":799,"minecraft:energy":410,"minecraft:walk_on_water_one_cm":584,"minecraft:strength":16,"minecraft:total_world_time":45135,"minecraft:fall_one_cm":27643,"minecraft:horse_one_cm":184080},"minecraft:picked_up":{"born_in_chaos_v1:corpse_maggot":2,"minecraft:brown_wool":1,"minecraft:cut_sandstone":1,"minecraft:oak_log":4,"mmorpg:skill_gems/aura/dex":2,"minecraft:smooth_sandstone":2,"minecraft:bone":1,"minecraft:experience_bottle":1,"minecraft:wheat_seeds":1,"minecraft:iron_ingot":3,"minecraft:stick":1,"minecraft:raw_iron":4,"born_in_chaos_v1:shattered_skull":1,"minecraft:acacia_fence":1,"born_in_chaos_v1:ethereal_spirit":1,"minecraft:porkchop":2,"sophisticatedbackpacks:iron_backpack":1,"mmorpg:weapon/staff/wood":1,"minecraft:light_gray_bed":1,"minecraft:rotten_flesh":18,"minecraft:clay":4,"born_in_chaos_v1:black_argillite_brick_slab":1,"minecraft:granite":2,"born_in_chaos_v1:spiny_shell":4,"mmorpg:offhand/dodge/iron":1},"minecraft:mined":{"minecraft:cut_sandstone":1,"minecraft:glass_pane":2,"minecraft:smooth_sandstone":2,"minecraft:potted_dead_bush":1,"minecraft:granite":2,"minecraft:light_gray_bed":1,"minecraft:tall_grass":2,"minecraft:smooth_sandstone_slab":1,"minecraft:iron_ore":4,"minecraft:grass":4,"minecraft:oak_log":4,"minecraft:acacia_fence":1,"minecraft:oak_leaves":4},"minecraft:killed":{"minecraft:pig":4,"born_in_chaos_v1:restless_spirit":1,"born_in_chaos_v1:zombie_lumberjack":1,"born_in_chaos_v1:maggot":3,"minecraft:zombie":2,"born_in_chaos_v1:door_knight":1}},"DataVersion":3465}