{"stats":{"minecraft:mined":{"minecraft:dark_oak_log":58,"born_in_chaos_v1:dark_metal_deposit":2,"minecraft:grass_block":4,"born_in_chaos_v1:black_argillite":1,"minecraft:crimson_roots":4,"minecraft:spawner":1,"minecraft:large_fern":3,"born_in_chaos_v1:black_argillite_column":40,"minecraft:weeping_vines_plant":1,"minecraft:magma_block":7,"minecraft:furnace":1,"born_in_chaos_v1:black_argillite_brick_slab":112,"born_in_chaos_v1:black_argillite_brick_stairs":39,"minecraft:pumpkin":3,"minecraft:bookshelf":77,"minecraft:dirt_path":2,"minecraft:stone":18,"minecraft:scaffolding":1,"born_in_chaos_v1:carved_black_argillite":16,"minecraft:smoker":1,"minecraft:crafting_table":3,"minecraft:dark_oak_wood":14,"minecraft:mushroom_stem":14,"minecraft:campfire":2,"born_in_chaos_v1:black_argillite_column_slab":61,"minecraft:tall_grass":5,"minecraft:cobblestone":1,"born_in_chaos_v1:chipped_black_argillite_brick":12,"minecraft:coarse_dirt":1,"minecraft:birch_log":6,"born_in_chaos_v1:fired_black_argillite":24,"minecraft:spruce_log":21,"born_in_chaos_v1:black_argillitepressureplate":3,"born_in_chaos_v1:black_argillite_brick":27,"minecraft:yellow_bed":9,"minecraft:grass":46,"minecraft:coal_ore":14,"minecraft:oak_log":11,"minecraft:dirt":1,"minecraft:red_mushroom_block":40,"born_in_chaos_v1:black_argillite_wall":17,"minecraft:netherrack":1,"minecraft:oak_leaves":1,"minecraft:gold_ore":1,"minecraft:fern":2},"minecraft:killed":{"minecraft:cave_spider":7,"minecraft:witch":2,"born_in_chaos_v1:restless_spirit":1,"minecraft:spider":6,"minecraft:slime":43,"born_in_chaos_v1:maggot":7,"born_in_chaos_v1:zombie_bruiser":2,"born_in_chaos_v1:baby_skeleton_minion":3,"minecraft:skeleton":2,"mowziesmobs:umvuthana_crane":7,"minecraft:drowned":3,"mmorpg:explody_minion":5,"born_in_chaos_v1:firelight_not_despawn":2,"mowziesmobs:umvuthana":12,"minecraft:pig":1,"born_in_chaos_v1:baby_skeleton":1,"born_in_chaos_v1:decrepit_skeleton":3,"minecraft:sheep":1,"mmorpg:cold_golem":1,"minecraft:zombie":10,"born_in_chaos_v1:corpse_fly":2,"minecraft:stray":4,"creeperoverhaul:savannah_creeper":1},"minecraft:dropped":{"born_in_chaos_v1:black_argillitepressureplate":34,"minecraft:iron_sword":5,"minecraft:wheat_seeds":8,"minecraft:golden_helmet":2,"minecraft:crossbow":2,"mowziesmobs:umvuthana_mask_faith":6,"minecraft:iron_helmet":2,"minecraft:feather":16,"born_in_chaos_v1:orbofthe_summoner":1,"born_in_chaos_v1:firelight_not_despawn_spawn_egg":1,"born_in_chaos_v1:black_argillite_column_slab":50,"mmorpg:skill_gems/aura/int":2,"mmorpg:skill_gems/aura/dex":2,"born_in_chaos_v1:black_argillite_brick_slab":66,"minecraft:red_mushroom":3,"born_in_chaos_v1:skeleton_thrasher_not_despawn_spawn_egg":1,"mmorpg:skill_gems/support/int":1,"gnumus:mouse_skin":1,"sophisticatedbackpacks:gold_backpack":1,"mmorpg:weapon/staff/wood":4,"minecraft:item_frame":2,"minecraft:stick":6,"minecraft:dark_oak_log":1,"minecraft:crimson_roots":4,"minecraft:diamond_helmet":1,"minecraft:iron_leggings":4,"born_in_chaos_v1:black_argillite_brick_wall":1,"born_in_chaos_v1:black_argillite_brick":21,"minecraft:iron_axe":1,"born_in_chaos_v1:carved_black_argillite":7,"born_in_chaos_v1:supreme_bonescaller_not_despawn_spawn_egg":1,"minecraft:iron_pickaxe":1,"born_in_chaos_v1:fired_black_argillite":16,"minecraft:string":5,"minecraft:bone":3,"born_in_chaos_v1:black_argillite_brick_stairs":28,"born_in_chaos_v1:tombstone_petasi":1,"born_in_chaos_v1:restless_spirit_spawn_egg":1,"minecraft:chicken":2,"born_in_chaos_v1:black_argillite_button":10,"minecraft:rotten_flesh":11,"born_in_chaos_v1:bonescaller_not_despawn_spawn_egg":1,"minecraft:light_gray_wool":1,"minecraft:iron_boots":1,"born_in_chaos_v1:dread_hound_not_despawn_spawn_egg":1,"sophisticatedbackpacks:backpack":1,"mmorpg:material/farming/0":1,"born_in_chaos_v1:black_argillite_wall":9,"born_in_chaos_v1:decrepit_skeleton_spawn_egg":1,"minecraft:diamond_sword":2,"born_in_chaos_v1:chipped_black_argillite_brick":3,"minecraft:spruce_planks":2,"minecraft:iron_chestplate":1,"mmorpg:offhand/tome/iron":2,"minecraft:yellow_bed":2,"born_in_chaos_v1:corpse_maggot":2,"born_in_chaos_v1:black_argillite_column":37,"minecraft:spider_eye":18,"born_in_chaos_v1:barrel_zombie_spawn_egg":1,"minecraft:diamond_boots":1,"minecraft:bow":4,"mmorpg:jewelry/ring/iron":1,"minecraft:magma_block":2,"mmorpg:skill_gems/aura/str":2},"minecraft:picked_up":{"irons_spellbooks:scroll":1,"sophisticatedbackpacks:gold_backpack":1,"minecraft:charcoal":20,"minecraft:iron_chestplate":5,"minecraft:coarse_dirt":1,"minecraft:crafting_table":5,"mmorpg:material/farming/0":2,"minecraft:chicken":2,"minecraft:flower_pot":1,"born_in_chaos_v1:seedof_chaos":14,"mmorpg:skill_gems/aura/str":1,"minecraft:brown_mushroom":6,"minecraft:diamond_sword":2,"born_in_chaos_v1:black_argillite_brick_wall":2,"minecraft:enchanted_book":2,"born_in_chaos_v1:black_argillite_wall":17,"born_in_chaos_v1:fired_black_argillite":25,"minecraft:shield":4,"born_in_chaos_v1:black_argillite_column":53,"mmorpg:skill_gems/aura/dex":3,"minecraft:string":10,"minecraft:iron_leggings":10,"minecraft:item_frame":3,"minecraft:experience_bottle":1,"born_in_chaos_v1:black_argillite_brick":27,"mmorpg:map":1,"minecraft:gold_nugget":3,"minecraft:netherite_sword":2,"minecraft:beef":4,"minecraft:iron_pickaxe":5,"minecraft:iron_nugget":9,"minecraft:light_gray_wool":1,"mmorpg:offhand/tome/iron":4,"mmorpg:chest/legendary_gear":1,"mmorpg:gems/amethyst/0":2,"mmorpg:currency/socket_adder":2,"minecraft:iron_boots":4,"minecraft:furnace":1,"minecraft:tipped_arrow":2,"minecraft:golden_helmet":1,"minecraft:raw_iron":9,"minecraft:stick":2,"born_in_chaos_v1:carved_black_argillite":15,"minecraft:torch":1,"mmorpg:chest/mythic_gear":1,"sophisticatedbackpacks:backpack":6,"minecraft:porkchop":4,"born_in_chaos_v1:pieceofdarkmetal":50,"born_in_chaos_v1:black_argillite_brick_stairs":44,"minecraft:carrot":37,"mmorpg:skill_gems/support/int":4,"mowziesmobs:umvuthana_mask_faith":8,"minecraft:arrow":28,"minecraft:rotten_flesh":11,"minecraft:diamond_boots":3,"minecraft:gold_ingot":8,"gnumus:mouse_skin":1,"minecraft:mutton":34,"minecraft:cobblestone":19,"minecraft:birch_log":6,"minecraft:cooked_beef":4,"born_in_chaos_v1:corpse_maggot":4,"minecraft:magma_block":2,"born_in_chaos_v1:black_argillite_column_slab":82,"minecraft:air":0,"minecraft:feather":22,"minecraft:golden_carrot":2,"minecraft:water_bucket":1,"minecraft:smoker":1,"minecraft:red_mushroom":9,"farmersdelight:bacon":6,"minecraft:oak_log":4,"born_in_chaos_v1:black_argillite_button":19,"minecraft:yellow_bed":14,"minecraft:gunpowder":21,"minecraft:cooked_mutton":10,"minecraft:dirt":6,"farmersdelight:mutton_chops":6,"born_in_chaos_v1:monster_skin":15,"mmorpg:chest/rare_gear":1,"minecraft:bone":16,"minecraft:apple":33,"minecraft:bow":10,"minecraft:wheat_seeds":9,"minecraft:raw_gold":1,"born_in_chaos_v1:smoked_flesh":18,"minecraft:iron_ingot":31,"born_in_chaos_v1:chipped_black_argillite_brick":6,"minecraft:diamond_helmet":1,"minecraft:iron_sword":4,"minecraft:oak_planks":22,"minecraft:book":231,"irons_spellbooks:frozen_bone":2,"minecraft:pumpkin":3,"farmersdelight:cooked_mutton_chops":6,"mmorpg:harvest/purple_gem":8,"born_in_chaos_v1:orbofthe_summoner":1,"born_in_chaos_v1:black_argillitepressureplate":49,"mmorpg:jewelry/ring/gold":1,"mmorpg:harvest/blue_gem":5,"mmorpg:stat_soul":1,"mmorpg:weapon/staff/wood":4,"minecraft:spruce_log":66,"minecraft:gold_ore":1,"mmorpg:weapon/staff/iron":2,"minecraft:dark_oak_log":58,"minecraft:spider_eye":2,"minecraft:bundle":1,"born_in_chaos_v1:fire_dust":15,"born_in_chaos_v1:black_argillite_brick_slab":134,"minecraft:iron_helmet":5,"minecraft:crossbow":1,"minecraft:bread":53,"minecraft:dark_oak_wood":52,"mmorpg:gems/amethyst/1":1,"mmorpg:skill_gems/aura/int":3,"minecraft:coal":68,"minecraft:crimson_roots":6,"minecraft:diamond_pickaxe":1},"minecraft:broken":{"mowziesmobs:umvuthana_mask_faith":1},"minecraft:killed_by":{"minecraft:player":1,"born_in_chaos_v1:baby_skeleton_minion":1,"minecraft:cave_spider":1,"mowziesmobs:umvuthana_crane":1},"minecraft:used":{"born_in_chaos_v1:supreme_bonescaller_not_despawn_spawn_egg":1,"minecraft:netherite_sword":23,"born_in_chaos_v1:senor_pumpkin_spawn_egg":1,"born_in_chaos_v1:bloody_gadfly_spawn_egg":1,"minecraft:chest":2,"minecraft:iron_sword":72,"minecraft:iron_chestplate":2,"minecraft:dirt":6,"born_in_chaos_v1:dread_hound_spawn_egg":1,"minecraft:diamond_helmet":1,"born_in_chaos_v1:bonescaller_not_despawn_spawn_egg":1,"born_in_chaos_v1:lifestealer_spawn_egg":1,"born_in_chaos_v1:restless_spirit_spawn_egg":5,"born_in_chaos_v1:corpse_fly_spawn_egg":1,"born_in_chaos_v1:glutton_fish_spawn_egg":1,"born_in_chaos_v1:dread_hound_not_despawn_spawn_egg":1,"minecraft:iron_axe":249,"born_in_chaos_v1:zombie_fisherman_spawn_egg":1,"minecraft:iron_helmet":3,"minecraft:iron_boots":2,"born_in_chaos_v1:dark_vortex_spawn_egg":1,"born_in_chaos_v1:maggot_spawn_egg":1,"born_in_chaos_v1:thornshell_crab_spawn_egg":2,"minecraft:golden_carrot":1,"minecraft:bow":8,"minecraft:furnace":1,"born_in_chaos_v1:pumpkin_bomb_spawn_egg":2,"born_in_chaos_v1:black_argillite_brick_slab":2,"minecraft:cooked_beef":3,"minecraft:iron_leggings":4,"born_in_chaos_v1:skeleton_thrasher_not_despawn_spawn_egg":1,"minecraft:water_bucket":10,"born_in_chaos_v1:zombie_lumberjack_spawn_egg":1,"born_in_chaos_v1:barrel_zombie_spawn_egg":1,"born_in_chaos_v1:spiritof_chaos_spawn_egg":2,"minecraft:oak_planks":10,"born_in_chaos_v1:diamond_termite_spawn_egg":1,"minecraft:gold_ore":1,"born_in_chaos_v1:mr_pumpkin_spawn_egg":1,"born_in_chaos_v1:firelight_not_despawn_spawn_egg":2,"born_in_chaos_v1:sir_pumpkinhead_spawn_egg":1,"born_in_chaos_v1:zombie_bruiser_spawn_egg":1,"minecraft:crafting_table":5,"born_in_chaos_v1:lord_pumpkinhead_spawn_egg":1,"minecraft:spruce_log":2,"minecraft:smoker":1,"born_in_chaos_v1:decrepit_skeleton_spawn_egg":1,"sophisticatedbackpacks:backpack":1,"minecraft:diamond_pickaxe":195,"minecraft:apple":17,"mmorpg:weapon/staff/iron":15,"born_in_chaos_v1:tombstone_petasi":2,"minecraft:iron_pickaxe":219,"minecraft:bread":3,"born_in_chaos_v1:swarmer_spawn_egg":1,"born_in_chaos_v1:nightmare_stalker_spawn_egg":11,"born_in_chaos_v1:firelight_spawn_egg":2,"minecraft:golden_helmet":2,"mmorpg:weapon/staff/wood":40,"minecraft:diamond_sword":157,"minecraft:cobblestone":2,"minecraft:bucket":11,"minecraft:yellow_bed":8,"born_in_chaos_v1:missioner_spawn_egg":1,"minecraft:coarse_dirt":1,"minecraft:experience_bottle":3},"minecraft:crafted":{"minecraft:oak_planks":16,"minecraft:furnace":2,"minecraft:cooked_mutton":10,"minecraft:iron_axe":2,"minecraft:chest":2,"minecraft:smoker":1,"minecraft:cooked_beef":4,"farmersdelight:cooked_mutton_chops":6,"minecraft:cooked_porkchop":4,"minecraft:crafting_table":2,"minecraft:spruce_planks":8,"minecraft:birch_planks":20,"minecraft:bucket":1,"minecraft:diamond_pickaxe":1,"minecraft:stick":12,"minecraft:iron_ingot":10,"farmersdelight:cooked_bacon":6,"minecraft:gold_ingot":1},"minecraft:custom":{"minecraft:blood":0,"minecraft:mob_kills":130,"minecraft:dexterity":20,"minecraft:interact_with_crafting_table":23,"minecraft:open_barrel":5,"minecraft:damage_dealt_resisted":58,"minecraft:leave_game":6,"minecraft:time_since_death":27670,"minecraft:mana":721,"minecraft:damage_resisted":33,"minecraft:climb_one_cm":6897,"minecraft:magic_shield":37,"minecraft:sprint_one_cm":507758,"minecraft:walk_one_cm":572498,"minecraft:drop":184,"minecraft:health":485,"minecraft:talked_to_villager":1,"minecraft:play_time":199318,"minecraft:sneak_time":549,"minecraft:deaths":4,"minecraft:walk_under_water_one_cm":12270,"minecraft:jump":1905,"minecraft:energy":420,"minecraft:walk_on_water_one_cm":24198,"minecraft:total_world_time":199318,"minecraft:interact_with_furnace":11,"minecraft:intelligence":48,"minecraft:move_speed":0,"minecraft:sleep_in_bed":7,"minecraft:levels_gained":18,"minecraft:time_since_rest":1832,"minecraft:damage_taken":6638,"minecraft:damage_absorbed":966,"minecraft:damage_dealt":5259,"minecraft:swim_one_cm":32074,"minecraft:fly_one_cm":483210,"minecraft:open_chest":71,"minecraft:crouch_one_cm":294,"minecraft:strength":47,"minecraft:interact_with_smoker":13,"minecraft:fall_one_cm":61249}},"DataVersion":3465}