{"stats":{"minecraft:mined":{"minecraft:cobblestone_stairs":2,"minecraft:grass_block":132,"born_in_chaos_v1:dark_metal_deposit":2,"minecraft:spawner":1,"minecraft:weeping_vines_plant":1,"minecraft:magma_block":7,"minecraft:mossy_cobblestone_slab":1,"minecraft:mossy_cobblestone_stairs":2,"born_in_chaos_v1:black_argillite_brick_slab":112,"born_in_chaos_v1:black_argillite_brick_stairs":53,"minecraft:pumpkin":7,"minecraft:dirt_path":4,"minecraft:oak_stairs":71,"minecraft:smoker":1,"born_in_chaos_v1:carved_black_argillite":16,"minecraft:dark_oak_wood":14,"minecraft:chest":2,"born_in_chaos_v1:black_argillite_column_slab":61,"minecraft:mushroom_stem":14,"minecraft:cobblestone":95,"minecraft:white_candle":2,"minecraft:oak_planks":143,"sophisticatedbackpacks:diamond_backpack":1,"minecraft:birch_log":30,"born_in_chaos_v1:fired_black_argillite":24,"born_in_chaos_v1:black_argillite_brick":27,"minecraft:grass":63,"minecraft:oak_log":226,"minecraft:dirt":29,"minecraft:red_mushroom_block":40,"born_in_chaos_v1:black_argillite_wall":17,"minecraft:netherrack":1,"minecraft:oak_leaves":26,"minecraft:mossy_cobblestone":3,"minecraft:candle":1,"minecraft:oak_door":6,"minecraft:dark_oak_log":58,"born_in_chaos_v1:black_argillite":1,"minecraft:crimson_roots":4,"minecraft:large_fern":3,"minecraft:hay_block":17,"born_in_chaos_v1:black_argillite_column":40,"minecraft:furnace":1,"minecraft:bookshelf":77,"minecraft:stripped_oak_log":31,"minecraft:stone":25,"minecraft:oak_slab":114,"minecraft:scaffolding":1,"minecraft:glass_pane":4,"minecraft:oak_fence":17,"minecraft:crafting_table":3,"minecraft:campfire":2,"minecraft:tall_grass":5,"born_in_chaos_v1:chipped_black_argillite_brick":12,"minecraft:coarse_dirt":1,"minecraft:spruce_log":21,"minecraft:birch_leaves":2,"born_in_chaos_v1:black_argillitepressureplate":3,"minecraft:yellow_bed":14,"minecraft:coal_ore":14,"minecraft:stone_bricks":1,"minecraft:gold_ore":1,"minecraft:fern":2},"minecraft:killed":{"minecraft:cave_spider":7,"born_in_chaos_v1:mr_pumpkin":1,"minecraft:witch":2,"born_in_chaos_v1:restless_spirit":1,"minecraft:spider":6,"born_in_chaos_v1:baby_skeleton_minion":3,"minecraft:skeleton":2,"mowziesmobs:umvuthana_crane":7,"mmorpg:explody_minion":5,"born_in_chaos_v1:firelight_not_despawn":2,"minecraft:pig":1,"minecraft:sheep":1,"mmorpg:cold_golem":2,"minecraft:zombie":10,"born_in_chaos_v1:corpse_fly":2,"minecraft:stray":4,"minecraft:slime":43,"born_in_chaos_v1:zombie_bruiser":2,"born_in_chaos_v1:maggot":7,"minecraft:drowned":3,"mowziesmobs:umvuthana":12,"born_in_chaos_v1:baby_skeleton":1,"born_in_chaos_v1:decrepit_skeleton":3,"creeperoverhaul:savannah_creeper":1,"minecraft:villager":1},"minecraft:dropped":{"minecraft:iron_sword":5,"minecraft:crossbow":2,"mowziesmobs:umvuthana_mask_faith":6,"born_in_chaos_v1:firelight_not_despawn_spawn_egg":1,"gnumus:mouse_skin":1,"minecraft:red_mushroom":3,"minecraft:item_frame":2,"sophisticatedbackpacks:gold_backpack":1,"minecraft:dark_oak_log":1,"minecraft:crimson_roots":4,"born_in_chaos_v1:black_argillite_brick_wall":1,"born_in_chaos_v1:black_argillite_brick":21,"born_in_chaos_v1:supreme_bonescaller_not_despawn_spawn_egg":1,"minecraft:iron_pickaxe":1,"born_in_chaos_v1:fired_black_argillite":16,"minecraft:bone":3,"born_in_chaos_v1:tombstone_petasi":1,"minecraft:rotten_flesh":11,"born_in_chaos_v1:dread_hound_not_despawn_spawn_egg":1,"mmorpg:material/farming/0":1,"born_in_chaos_v1:black_argillite_wall":9,"sophisticatedbackpacks:diamond_backpack":1,"born_in_chaos_v1:decrepit_skeleton_spawn_egg":1,"born_in_chaos_v1:chipped_black_argillite_brick":3,"born_in_chaos_v1:corpse_maggot":2,"born_in_chaos_v1:barrel_zombie_spawn_egg":1,"born_in_chaos_v1:black_argillitepressureplate":34,"minecraft:wheat_seeds":8,"minecraft:golden_helmet":2,"minecraft:feather":16,"minecraft:iron_helmet":2,"minecraft:book":256,"born_in_chaos_v1:orbofthe_summoner":1,"born_in_chaos_v1:black_argillite_column_slab":50,"mmorpg:skill_gems/aura/int":2,"mmorpg:skill_gems/aura/dex":2,"born_in_chaos_v1:black_argillite_brick_slab":66,"born_in_chaos_v1:skeleton_thrasher_not_despawn_spawn_egg":1,"mmorpg:skill_gems/support/int":1,"mmorpg:weapon/staff/wood":4,"minecraft:stick":6,"minecraft:diamond_helmet":1,"minecraft:iron_leggings":4,"minecraft:iron_axe":1,"born_in_chaos_v1:carved_black_argillite":7,"minecraft:string":5,"born_in_chaos_v1:black_argillite_brick_stairs":28,"born_in_chaos_v1:restless_spirit_spawn_egg":1,"minecraft:chicken":2,"born_in_chaos_v1:black_argillite_button":10,"born_in_chaos_v1:bonescaller_not_despawn_spawn_egg":1,"minecraft:light_gray_wool":1,"minecraft:iron_boots":1,"sophisticatedbackpacks:backpack":1,"minecraft:diamond_sword":2,"minecraft:spruce_planks":2,"minecraft:diamond_pickaxe":1,"mmorpg:offhand/tome/iron":2,"minecraft:iron_chestplate":1,"minecraft:yellow_bed":2,"born_in_chaos_v1:black_argillite_column":37,"minecraft:spider_eye":18,"minecraft:diamond_boots":1,"minecraft:bow":4,"mmorpg:jewelry/ring/iron":1,"minecraft:magma_block":2,"mmorpg:skill_gems/aura/str":2},"minecraft:picked_up":{"irons_spellbooks:scroll":1,"minecraft:iron_chestplate":6,"mmorpg:material/farming/0":2,"minecraft:flower_pot":1,"minecraft:diamond_sword":2,"minecraft:oak_stairs":100,"born_in_chaos_v1:black_argillite_brick_wall":2,"minecraft:enchanted_book":2,"born_in_chaos_v1:black_argillite_wall":41,"minecraft:string":10,"mmorpg:skill_gems/aura/dex":3,"minecraft:iron_leggings":11,"minecraft:experience_bottle":1,"minecraft:gold_nugget":3,"mmorpg:map":1,"minecraft:iron_pickaxe":5,"minecraft:furnace":1,"mmorpg:currency/socket_adder":2,"mmorpg:gems/amethyst/0":2,"mmorpg:chest/legendary_gear":1,"minecraft:iron_boots":4,"minecraft:golden_helmet":1,"minecraft:tipped_arrow":2,"minecraft:stick":7,"minecraft:oak_fence":11,"minecraft:torch":1,"minecraft:porkchop":4,"born_in_chaos_v1:black_argillite_brick_stairs":138,"minecraft:rotten_flesh":11,"minecraft:cobblestone":125,"minecraft:birch_log":34,"minecraft:magma_block":2,"minecraft:feather":22,"minecraft:cooked_beef":4,"minecraft:water_bucket":2,"minecraft:smoker":1,"farmersdelight:bacon":6,"born_in_chaos_v1:black_argillite_button":19,"minecraft:dirt":235,"minecraft:lantern":1,"born_in_chaos_v1:monster_skin":15,"farmersdelight:mutton_chops":6,"minecraft:bone":16,"minecraft:bow":12,"minecraft:wheat_seeds":10,"minecraft:raw_gold":1,"minecraft:diamond_helmet":1,"minecraft:oak_planks":213,"irons_spellbooks:frozen_bone":2,"mmorpg:harvest/purple_gem":8,"mmorpg:jewelry/ring/gold":2,"minecraft:dark_oak_log":58,"farmersdelight:cooked_mutton_chops":6,"minecraft:mossy_cobblestone":2,"minecraft:bundle":1,"born_in_chaos_v1:fire_dust":15,"minecraft:diamond":3,"minecraft:crossbow":1,"minecraft:bread":84,"minecraft:oak_sapling":3,"mmorpg:skill_gems/aura/int":3,"minecraft:crimson_roots":6,"minecraft:diamond_pickaxe":2,"sophisticatedbackpacks:gold_backpack":1,"minecraft:charcoal":22,"minecraft:crafting_table":5,"minecraft:coarse_dirt":1,"minecraft:chicken":2,"born_in_chaos_v1:seedof_chaos":14,"mmorpg:skill_gems/aura/str":1,"minecraft:brown_mushroom":6,"minecraft:shield":4,"born_in_chaos_v1:fired_black_argillite":71,"born_in_chaos_v1:black_argillite_column":147,"minecraft:oak_trapdoor":2,"minecraft:item_frame":3,"minecraft:iron_shovel":1,"born_in_chaos_v1:black_argillite_brick":50,"minecraft:netherite_sword":3,"minecraft:beef":4,"minecraft:iron_nugget":9,"minecraft:light_gray_wool":1,"minecraft:chest":2,"mmorpg:offhand/tome/iron":4,"minecraft:egg":1,"minecraft:raw_iron":9,"minecraft:oak_door":6,"born_in_chaos_v1:carved_black_argillite":47,"mmorpg:chest/mythic_gear":1,"sophisticatedbackpacks:backpack":6,"mmorpg:skill_gems/support/int":4,"born_in_chaos_v1:pieceofdarkmetal":50,"minecraft:carrot":37,"mowziesmobs:umvuthana_mask_faith":8,"minecraft:arrow":28,"minecraft:pumpkin_pie":5,"minecraft:diamond_boots":4,"minecraft:hay_block":16,"minecraft:gold_ingot":8,"gnumus:mouse_skin":1,"minecraft:mutton":34,"minecraft:stripped_oak_log":29,"born_in_chaos_v1:corpse_maggot":4,"minecraft:air":0,"born_in_chaos_v1:black_argillite_column_slab":267,"minecraft:golden_carrot":2,"minecraft:red_mushroom":9,"minecraft:filled_map":2,"minecraft:oak_log":224,"minecraft:yellow_bed":18,"minecraft:gunpowder":21,"mmorpg:chest/rare_gear":1,"minecraft:cooked_mutton":10,"minecraft:stone_bricks":125,"minecraft:apple":41,"minecraft:iron_ingot":42,"born_in_chaos_v1:smoked_flesh":18,"born_in_chaos_v1:chipped_black_argillite_brick":26,"minecraft:iron_sword":4,"sophisticatedbackpacks:diamond_backpack":3,"minecraft:book":231,"minecraft:oak_slab":117,"minecraft:pumpkin":7,"born_in_chaos_v1:orbofthe_summoner":1,"born_in_chaos_v1:black_argillitepressureplate":49,"mmorpg:stat_soul":1,"minecraft:spruce_log":66,"mmorpg:weapon/staff/wood":4,"minecraft:gold_ore":1,"mmorpg:weapon/staff/iron":2,"mmorpg:harvest/blue_gem":5,"minecraft:spider_eye":2,"born_in_chaos_v1:black_argillite_brick_slab":390,"minecraft:iron_helmet":6,"minecraft:diamond_axe":1,"minecraft:mossy_cobblestone_stairs":2,"mmorpg:offhand/dodge/iron":1,"mmorpg:gems/amethyst/1":1,"minecraft:dark_oak_wood":52,"minecraft:coal":97},"minecraft:broken":{"mowziesmobs:umvuthana_mask_faith":1,"minecraft:iron_axe":1},"minecraft:killed_by":{"minecraft:cave_spider":1,"minecraft:player":2,"born_in_chaos_v1:baby_skeleton_minion":1,"mowziesmobs:umvuthana_crane":1},"minecraft:used":{"minecraft:iron_shovel":134,"minecraft:chest":5,"minecraft:shield":9,"minecraft:iron_sword":72,"minecraft:iron_chestplate":2,"born_in_chaos_v1:restless_spirit_spawn_egg":5,"born_in_chaos_v1:dread_hound_spawn_egg":1,"sophisticatedbackpacks:diamond_backpack":2,"minecraft:iron_helmet":3,"born_in_chaos_v1:dark_vortex_spawn_egg":1,"minecraft:stone_bricks":5,"born_in_chaos_v1:maggot_spawn_egg":1,"born_in_chaos_v1:thornshell_crab_spawn_egg":2,"minecraft:bow":8,"minecraft:furnace":3,"born_in_chaos_v1:pumpkin_bomb_spawn_egg":2,"born_in_chaos_v1:skeleton_thrasher_not_despawn_spawn_egg":1,"born_in_chaos_v1:zombie_lumberjack_spawn_egg":1,"born_in_chaos_v1:barrel_zombie_spawn_egg":1,"minecraft:oak_planks":156,"born_in_chaos_v1:diamond_termite_spawn_egg":1,"minecraft:diamond_axe":439,"born_in_chaos_v1:mr_pumpkin_spawn_egg":1,"born_in_chaos_v1:firelight_not_despawn_spawn_egg":2,"sophisticatedbackpacks:backpack":1,"minecraft:bread":6,"born_in_chaos_v1:tombstone_petasi":2,"born_in_chaos_v1:swarmer_spawn_egg":1,"born_in_chaos_v1:nightmare_stalker_spawn_egg":11,"minecraft:golden_helmet":2,"minecraft:diamond_sword":157,"minecraft:birch_log":19,"minecraft:coarse_dirt":1,"minecraft:experience_bottle":3,"born_in_chaos_v1:supreme_bonescaller_not_despawn_spawn_egg":1,"minecraft:netherite_sword":54,"born_in_chaos_v1:senor_pumpkin_spawn_egg":1,"born_in_chaos_v1:bloody_gadfly_spawn_egg":1,"minecraft:dirt":63,"born_in_chaos_v1:bonescaller_not_despawn_spawn_egg":1,"born_in_chaos_v1:lifestealer_spawn_egg":1,"minecraft:diamond_helmet":1,"born_in_chaos_v1:corpse_fly_spawn_egg":1,"born_in_chaos_v1:glutton_fish_spawn_egg":1,"born_in_chaos_v1:dread_hound_not_despawn_spawn_egg":1,"born_in_chaos_v1:black_argillite_column_slab":3,"minecraft:oak_stairs":30,"minecraft:iron_axe":486,"born_in_chaos_v1:zombie_fisherman_spawn_egg":1,"minecraft:iron_boots":2,"minecraft:golden_carrot":1,"born_in_chaos_v1:black_argillite_brick_slab":2,"minecraft:cooked_beef":4,"minecraft:iron_leggings":4,"minecraft:water_bucket":17,"born_in_chaos_v1:spiritof_chaos_spawn_egg":2,"minecraft:gold_ore":1,"born_in_chaos_v1:black_argillite_brick_stairs":26,"born_in_chaos_v1:sir_pumpkinhead_spawn_egg":1,"born_in_chaos_v1:zombie_bruiser_spawn_egg":1,"minecraft:crafting_table":5,"born_in_chaos_v1:lord_pumpkinhead_spawn_egg":1,"minecraft:smoker":2,"minecraft:spruce_log":2,"born_in_chaos_v1:decrepit_skeleton_spawn_egg":1,"minecraft:oak_log":79,"minecraft:diamond_pickaxe":334,"minecraft:apple":17,"born_in_chaos_v1:black_argillite_column":2,"minecraft:iron_pickaxe":219,"mmorpg:weapon/staff/iron":23,"mmorpg:weapon/staff/wood":40,"born_in_chaos_v1:firelight_spawn_egg":2,"minecraft:cobblestone":2,"minecraft:bucket":18,"minecraft:yellow_bed":11,"born_in_chaos_v1:missioner_spawn_egg":1},"minecraft:crafted":{"minecraft:oak_planks":76,"minecraft:cooked_mutton":10,"minecraft:chest":4,"minecraft:smoker":1,"minecraft:cooked_porkchop":4,"minecraft:diamond_axe":1,"minecraft:crafting_table":2,"minecraft:spruce_planks":8,"minecraft:birch_planks":20,"minecraft:diamond_pickaxe":1,"minecraft:stick":16,"minecraft:iron_ingot":10,"minecraft:gold_ingot":1,"farmersdelight:cooked_bacon":6,"minecraft:furnace":3,"minecraft:iron_axe":2,"minecraft:cooked_beef":4,"farmersdelight:cooked_mutton_chops":6,"minecraft:bucket":1,"minecraft:iron_shovel":1},"minecraft:custom":{"minecraft:blood":0,"minecraft:dexterity":20,"minecraft:interact_with_crafting_table":32,"minecraft:open_barrel":5,"minecraft:leave_game":6,"minecraft:time_since_death":4639,"minecraft:damage_resisted":33,"minecraft:sprint_one_cm":643647,"minecraft:damage_blocked_by_shield":216,"minecraft:drop":191,"minecraft:health":505,"minecraft:talked_to_villager":1,"minecraft:play_time":277318,"minecraft:deaths":5,"minecraft:jump":2468,"minecraft:energy":440,"minecraft:walk_on_water_one_cm":27968,"minecraft:interact_with_furnace":19,"minecraft:intelligence":48,"minecraft:sleep_in_bed":12,"minecraft:levels_gained":20,"minecraft:damage_dealt":5644,"minecraft:crouch_one_cm":402,"minecraft:interact_with_smoker":16,"minecraft:mob_kills":133,"minecraft:damage_dealt_resisted":67,"minecraft:climb_one_cm":6897,"minecraft:mana":742,"minecraft:magic_shield":37,"minecraft:walk_one_cm":846872,"minecraft:sneak_time":700,"minecraft:walk_under_water_one_cm":14027,"minecraft:total_world_time":277318,"minecraft:move_speed":0,"minecraft:time_since_rest":4673,"minecraft:damage_taken":7682,"minecraft:damage_absorbed":1188,"minecraft:swim_one_cm":32074,"minecraft:fly_one_cm":550757,"minecraft:open_chest":113,"minecraft:strength":47,"minecraft:fall_one_cm":78604}},"DataVersion":3465}