{"stats":{"minecraft:mined":{"minecraft:dark_oak_log":58,"born_in_chaos_v1:dark_metal_deposit":1,"minecraft:grass_block":4,"born_in_chaos_v1:black_argillite":1,"minecraft:crimson_roots":4,"minecraft:spawner":1,"minecraft:large_fern":3,"born_in_chaos_v1:black_argillite_column":32,"minecraft:weeping_vines_plant":1,"minecraft:magma_block":6,"minecraft:furnace":1,"born_in_chaos_v1:black_argillite_brick_slab":58,"born_in_chaos_v1:black_argillite_brick_stairs":25,"minecraft:pumpkin":3,"minecraft:bookshelf":77,"minecraft:dirt_path":2,"minecraft:stone":18,"minecraft:scaffolding":1,"born_in_chaos_v1:carved_black_argillite":8,"minecraft:smoker":1,"minecraft:crafting_table":3,"minecraft:dark_oak_wood":14,"minecraft:mushroom_stem":14,"minecraft:campfire":2,"born_in_chaos_v1:black_argillite_column_slab":33,"minecraft:tall_grass":5,"born_in_chaos_v1:chipped_black_argillite_brick":11,"minecraft:coarse_dirt":1,"born_in_chaos_v1:fired_black_argillite":16,"minecraft:spruce_log":21,"born_in_chaos_v1:black_argillitepressureplate":1,"born_in_chaos_v1:black_argillite_brick":21,"minecraft:yellow_bed":9,"minecraft:grass":46,"minecraft:coal_ore":14,"minecraft:oak_log":4,"minecraft:dirt":1,"minecraft:red_mushroom_block":40,"born_in_chaos_v1:black_argillite_wall":9,"minecraft:netherrack":1,"minecraft:gold_ore":1,"minecraft:fern":2},"minecraft:killed":{"minecraft:cave_spider":2,"born_in_chaos_v1:restless_spirit":1,"minecraft:spider":2,"born_in_chaos_v1:maggot":4,"born_in_chaos_v1:zombie_bruiser":2,"born_in_chaos_v1:baby_skeleton_minion":3,"minecraft:skeleton":2,"mowziesmobs:umvuthana_crane":7,"born_in_chaos_v1:firelight_not_despawn":2,"mowziesmobs:umvuthana":12,"minecraft:pig":1,"born_in_chaos_v1:baby_skeleton":1,"born_in_chaos_v1:decrepit_skeleton":3,"minecraft:zombie":10,"born_in_chaos_v1:corpse_fly":2,"minecraft:stray":4,"creeperoverhaul:savannah_creeper":1},"minecraft:dropped":{"born_in_chaos_v1:black_argillitepressureplate":19,"minecraft:iron_sword":5,"minecraft:wheat_seeds":8,"minecraft:golden_helmet":2,"minecraft:crossbow":2,"mowziesmobs:umvuthana_mask_faith":6,"minecraft:iron_helmet":1,"minecraft:feather":16,"born_in_chaos_v1:orbofthe_summoner":1,"born_in_chaos_v1:firelight_not_despawn_spawn_egg":1,"born_in_chaos_v1:black_argillite_column_slab":18,"mmorpg:skill_gems/aura/int":2,"mmorpg:skill_gems/aura/dex":2,"born_in_chaos_v1:black_argillite_brick_slab":62,"born_in_chaos_v1:skeleton_thrasher_not_despawn_spawn_egg":1,"mmorpg:skill_gems/support/int":1,"gnumus:mouse_skin":1,"sophisticatedbackpacks:gold_backpack":1,"mmorpg:weapon/staff/wood":4,"minecraft:item_frame":2,"minecraft:stick":4,"minecraft:dark_oak_log":1,"minecraft:crimson_roots":1,"minecraft:diamond_helmet":1,"minecraft:iron_leggings":4,"born_in_chaos_v1:black_argillite_brick_wall":1,"born_in_chaos_v1:black_argillite_brick":15,"minecraft:iron_axe":1,"born_in_chaos_v1:carved_black_argillite":7,"born_in_chaos_v1:supreme_bonescaller_not_despawn_spawn_egg":1,"minecraft:iron_pickaxe":1,"born_in_chaos_v1:fired_black_argillite":8,"minecraft:string":5,"minecraft:bone":3,"born_in_chaos_v1:black_argillite_brick_stairs":12,"born_in_chaos_v1:tombstone_petasi":1,"born_in_chaos_v1:restless_spirit_spawn_egg":1,"minecraft:chicken":1,"born_in_chaos_v1:black_argillite_button":2,"minecraft:rotten_flesh":11,"born_in_chaos_v1:bonescaller_not_despawn_spawn_egg":1,"minecraft:light_gray_wool":1,"minecraft:iron_boots":1,"born_in_chaos_v1:dread_hound_not_despawn_spawn_egg":1,"sophisticatedbackpacks:backpack":1,"mmorpg:material/farming/0":1,"born_in_chaos_v1:black_argillite_wall":1,"born_in_chaos_v1:decrepit_skeleton_spawn_egg":1,"minecraft:diamond_sword":2,"minecraft:spruce_planks":2,"minecraft:iron_chestplate":1,"mmorpg:offhand/tome/iron":2,"minecraft:yellow_bed":2,"born_in_chaos_v1:corpse_maggot":2,"born_in_chaos_v1:black_argillite_column":21,"minecraft:spider_eye":1,"born_in_chaos_v1:barrel_zombie_spawn_egg":1,"minecraft:diamond_boots":1,"minecraft:bow":4,"mmorpg:jewelry/ring/iron":1,"minecraft:magma_block":2,"mmorpg:skill_gems/aura/str":2},"minecraft:picked_up":{"irons_spellbooks:scroll":1,"sophisticatedbackpacks:gold_backpack":1,"minecraft:charcoal":18,"minecraft:iron_chestplate":4,"minecraft:coarse_dirt":1,"minecraft:crafting_table":4,"mmorpg:material/farming/0":2,"minecraft:chicken":1,"minecraft:flower_pot":1,"born_in_chaos_v1:seedof_chaos":14,"mmorpg:skill_gems/aura/str":1,"minecraft:brown_mushroom":6,"minecraft:diamond_sword":2,"born_in_chaos_v1:black_argillite_brick_wall":2,"minecraft:enchanted_book":2,"born_in_chaos_v1:black_argillite_wall":1,"born_in_chaos_v1:fired_black_argillite":9,"minecraft:shield":3,"born_in_chaos_v1:black_argillite_column":27,"mmorpg:skill_gems/aura/dex":3,"minecraft:string":10,"minecraft:iron_leggings":9,"minecraft:item_frame":3,"minecraft:experience_bottle":1,"born_in_chaos_v1:black_argillite_brick":15,"minecraft:gold_nugget":3,"minecraft:netherite_sword":1,"minecraft:beef":4,"minecraft:iron_pickaxe":5,"minecraft:iron_nugget":9,"minecraft:light_gray_wool":1,"mmorpg:offhand/tome/iron":4,"mmorpg:chest/legendary_gear":1,"mmorpg:gems/amethyst/0":2,"mmorpg:currency/socket_adder":2,"minecraft:iron_boots":4,"minecraft:furnace":1,"minecraft:tipped_arrow":2,"minecraft:golden_helmet":1,"minecraft:raw_iron":9,"minecraft:stick":2,"born_in_chaos_v1:carved_black_argillite":7,"mmorpg:chest/mythic_gear":1,"sophisticatedbackpacks:backpack":5,"minecraft:porkchop":4,"born_in_chaos_v1:pieceofdarkmetal":32,"born_in_chaos_v1:black_argillite_brick_stairs":14,"minecraft:carrot":28,"mmorpg:skill_gems/support/int":4,"mowziesmobs:umvuthana_mask_faith":8,"minecraft:arrow":24,"minecraft:rotten_flesh":11,"minecraft:diamond_boots":2,"minecraft:gold_ingot":8,"gnumus:mouse_skin":1,"minecraft:mutton":34,"minecraft:cobblestone":18,"born_in_chaos_v1:corpse_maggot":4,"minecraft:magma_block":2,"born_in_chaos_v1:black_argillite_column_slab":18,"minecraft:air":0,"minecraft:feather":22,"minecraft:golden_carrot":2,"minecraft:smoker":1,"minecraft:red_mushroom":9,"farmersdelight:bacon":6,"minecraft:oak_log":4,"born_in_chaos_v1:black_argillite_button":6,"minecraft:yellow_bed":14,"minecraft:gunpowder":14,"minecraft:dirt":6,"farmersdelight:mutton_chops":6,"born_in_chaos_v1:monster_skin":10,"mmorpg:chest/rare_gear":1,"minecraft:bone":16,"minecraft:apple":29,"minecraft:bow":9,"minecraft:wheat_seeds":9,"minecraft:raw_gold":1,"born_in_chaos_v1:smoked_flesh":18,"minecraft:iron_ingot":31,"born_in_chaos_v1:chipped_black_argillite_brick":2,"minecraft:diamond_helmet":1,"minecraft:iron_sword":3,"minecraft:oak_planks":22,"minecraft:book":231,"irons_spellbooks:frozen_bone":2,"minecraft:pumpkin":3,"born_in_chaos_v1:orbofthe_summoner":1,"born_in_chaos_v1:black_argillitepressureplate":19,"mmorpg:stat_soul":1,"mmorpg:weapon/staff/wood":4,"minecraft:spruce_log":55,"minecraft:gold_ore":1,"mmorpg:weapon/staff/iron":1,"minecraft:dark_oak_log":58,"minecraft:spider_eye":2,"minecraft:bundle":1,"born_in_chaos_v1:fire_dust":14,"born_in_chaos_v1:black_argillite_brick_slab":66,"minecraft:iron_helmet":3,"minecraft:crossbow":1,"minecraft:bread":39,"minecraft:dark_oak_wood":39,"mmorpg:gems/amethyst/1":1,"mmorpg:skill_gems/aura/int":2,"minecraft:coal":39,"minecraft:crimson_roots":3},"minecraft:broken":{"mowziesmobs:umvuthana_mask_faith":1},"minecraft:killed_by":{"minecraft:player":1,"born_in_chaos_v1:baby_skeleton_minion":1,"mowziesmobs:umvuthana_crane":1},"minecraft:used":{"born_in_chaos_v1:supreme_bonescaller_not_despawn_spawn_egg":1,"minecraft:netherite_sword":3,"born_in_chaos_v1:senor_pumpkin_spawn_egg":1,"born_in_chaos_v1:bloody_gadfly_spawn_egg":1,"minecraft:iron_sword":63,"minecraft:iron_chestplate":2,"minecraft:dirt":6,"born_in_chaos_v1:dread_hound_spawn_egg":1,"minecraft:diamond_helmet":1,"born_in_chaos_v1:bonescaller_not_despawn_spawn_egg":1,"born_in_chaos_v1:lifestealer_spawn_egg":1,"born_in_chaos_v1:restless_spirit_spawn_egg":5,"born_in_chaos_v1:corpse_fly_spawn_egg":1,"born_in_chaos_v1:glutton_fish_spawn_egg":1,"born_in_chaos_v1:dread_hound_not_despawn_spawn_egg":1,"minecraft:iron_axe":236,"born_in_chaos_v1:zombie_fisherman_spawn_egg":1,"minecraft:iron_helmet":3,"minecraft:iron_boots":2,"born_in_chaos_v1:dark_vortex_spawn_egg":1,"born_in_chaos_v1:maggot_spawn_egg":1,"born_in_chaos_v1:thornshell_crab_spawn_egg":2,"minecraft:golden_carrot":1,"minecraft:bow":8,"minecraft:furnace":1,"born_in_chaos_v1:pumpkin_bomb_spawn_egg":2,"born_in_chaos_v1:black_argillite_brick_slab":2,"minecraft:iron_leggings":4,"born_in_chaos_v1:skeleton_thrasher_not_despawn_spawn_egg":1,"minecraft:water_bucket":7,"born_in_chaos_v1:zombie_lumberjack_spawn_egg":1,"born_in_chaos_v1:barrel_zombie_spawn_egg":1,"born_in_chaos_v1:spiritof_chaos_spawn_egg":2,"minecraft:oak_planks":10,"born_in_chaos_v1:diamond_termite_spawn_egg":1,"minecraft:gold_ore":1,"born_in_chaos_v1:mr_pumpkin_spawn_egg":1,"born_in_chaos_v1:firelight_not_despawn_spawn_egg":2,"born_in_chaos_v1:sir_pumpkinhead_spawn_egg":1,"born_in_chaos_v1:zombie_bruiser_spawn_egg":1,"minecraft:crafting_table":4,"born_in_chaos_v1:lord_pumpkinhead_spawn_egg":1,"minecraft:spruce_log":2,"minecraft:smoker":1,"born_in_chaos_v1:decrepit_skeleton_spawn_egg":1,"minecraft:diamond_pickaxe":55,"minecraft:apple":16,"mmorpg:weapon/staff/iron":2,"born_in_chaos_v1:tombstone_petasi":2,"minecraft:iron_pickaxe":219,"minecraft:bread":3,"born_in_chaos_v1:swarmer_spawn_egg":1,"born_in_chaos_v1:nightmare_stalker_spawn_egg":11,"born_in_chaos_v1:firelight_spawn_egg":2,"minecraft:golden_helmet":2,"mmorpg:weapon/staff/wood":40,"minecraft:diamond_sword":157,"minecraft:cobblestone":2,"minecraft:bucket":7,"minecraft:yellow_bed":7,"born_in_chaos_v1:missioner_spawn_egg":1,"minecraft:coarse_dirt":1,"minecraft:experience_bottle":3},"minecraft:crafted":{"minecraft:oak_planks":16,"minecraft:furnace":2,"minecraft:cooked_mutton":10,"minecraft:iron_axe":1,"minecraft:smoker":1,"minecraft:cooked_beef":4,"farmersdelight:cooked_mutton_chops":6,"minecraft:cooked_porkchop":4,"minecraft:crafting_table":2,"minecraft:spruce_planks":8,"minecraft:bucket":1,"minecraft:diamond_pickaxe":1,"minecraft:stick":8,"minecraft:iron_ingot":9,"farmersdelight:cooked_bacon":6,"minecraft:gold_ingot":1},"minecraft:custom":{"minecraft:blood":0,"minecraft:mob_kills":63,"minecraft:dexterity":20,"minecraft:interact_with_crafting_table":18,"minecraft:open_barrel":5,"minecraft:damage_dealt_resisted":58,"minecraft:leave_game":6,"minecraft:time_since_death":35524,"minecraft:mana":721,"minecraft:damage_resisted":33,"minecraft:climb_one_cm":3631,"minecraft:magic_shield":37,"minecraft:sprint_one_cm":382876,"minecraft:walk_one_cm":437189,"minecraft:drop":167,"minecraft:health":485,"minecraft:talked_to_villager":1,"minecraft:play_time":163318,"minecraft:sneak_time":526,"minecraft:deaths":3,"minecraft:walk_under_water_one_cm":8999,"minecraft:jump":1470,"minecraft:energy":420,"minecraft:walk_on_water_one_cm":17951,"minecraft:total_world_time":163318,"minecraft:interact_with_furnace":11,"minecraft:intelligence":48,"minecraft:move_speed":0,"minecraft:sleep_in_bed":6,"minecraft:levels_gained":18,"minecraft:time_since_rest":10318,"minecraft:damage_taken":5149,"minecraft:damage_absorbed":790,"minecraft:damage_dealt":4798,"minecraft:swim_one_cm":21116,"minecraft:fly_one_cm":417283,"minecraft:open_chest":55,"minecraft:crouch_one_cm":264,"minecraft:strength":47,"minecraft:interact_with_smoker":13,"minecraft:fall_one_cm":50819}},"DataVersion":3465}