{"stats":{"minecraft:mined":{"minecraft:dark_oak_log":58,"born_in_chaos_v1:dark_metal_deposit":1,"minecraft:grass_block":4,"minecraft:crimson_roots":1,"minecraft:spawner":1,"minecraft:large_fern":3,"born_in_chaos_v1:black_argillite_column":13,"minecraft:weeping_vines_plant":1,"minecraft:magma_block":3,"born_in_chaos_v1:black_argillite_brick_slab":24,"born_in_chaos_v1:black_argillite_brick_stairs":13,"minecraft:bookshelf":77,"minecraft:dirt_path":2,"minecraft:scaffolding":1,"born_in_chaos_v1:carved_black_argillite":2,"minecraft:dark_oak_wood":14,"born_in_chaos_v1:black_argillite_column_slab":13,"minecraft:campfire":2,"minecraft:mushroom_stem":14,"minecraft:tall_grass":3,"born_in_chaos_v1:chipped_black_argillite_brick":4,"born_in_chaos_v1:fired_black_argillite":8,"minecraft:spruce_log":21,"born_in_chaos_v1:black_argillite_brick":7,"minecraft:yellow_bed":5,"minecraft:grass":35,"minecraft:oak_log":4,"minecraft:dirt":1,"minecraft:red_mushroom_block":40,"born_in_chaos_v1:black_argillite_wall":1,"minecraft:gold_ore":1,"minecraft:fern":2},"minecraft:dropped":{"minecraft:iron_sword":3,"minecraft:wheat_seeds":1,"minecraft:golden_helmet":2,"mowziesmobs:umvuthana_mask_faith":6,"minecraft:iron_helmet":1,"minecraft:feather":16,"born_in_chaos_v1:orbofthe_summoner":1,"born_in_chaos_v1:firelight_not_despawn_spawn_egg":1,"mmorpg:skill_gems/aura/int":1,"born_in_chaos_v1:skeleton_thrasher_not_despawn_spawn_egg":1,"gnumus:mouse_skin":1,"mmorpg:skill_gems/support/int":1,"minecraft:stick":2,"minecraft:item_frame":2,"mmorpg:weapon/staff/wood":2,"minecraft:dark_oak_log":1,"minecraft:iron_leggings":3,"born_in_chaos_v1:black_argillite_brick_wall":1,"minecraft:iron_axe":1,"born_in_chaos_v1:supreme_bonescaller_not_despawn_spawn_egg":1,"minecraft:string":5,"minecraft:bone":2,"born_in_chaos_v1:tombstone_petasi":1,"born_in_chaos_v1:restless_spirit_spawn_egg":1,"minecraft:chicken":1,"minecraft:rotten_flesh":9,"born_in_chaos_v1:bonescaller_not_despawn_spawn_egg":1,"born_in_chaos_v1:dread_hound_not_despawn_spawn_egg":1,"sophisticatedbackpacks:backpack":1,"born_in_chaos_v1:decrepit_skeleton_spawn_egg":1,"minecraft:diamond_sword":2,"minecraft:yellow_bed":1,"minecraft:spider_eye":1,"born_in_chaos_v1:barrel_zombie_spawn_egg":1,"minecraft:bow":3,"minecraft:magma_block":2},"minecraft:custom":{"minecraft:blood":0,"minecraft:mob_kills":43,"minecraft:dexterity":20,"minecraft:interact_with_crafting_table":7,"minecraft:open_barrel":5,"minecraft:damage_dealt_resisted":58,"minecraft:leave_game":3,"minecraft:time_since_death":16438,"minecraft:climb_one_cm":3631,"minecraft:damage_resisted":33,"minecraft:mana":670,"minecraft:magic_shield":0,"minecraft:sprint_one_cm":282723,"minecraft:walk_one_cm":308151,"minecraft:drop":57,"minecraft:health":366,"minecraft:talked_to_villager":1,"minecraft:play_time":105448,"minecraft:deaths":2,"minecraft:sneak_time":474,"minecraft:walk_under_water_one_cm":8741,"minecraft:jump":811,"minecraft:energy":380,"minecraft:walk_on_water_one_cm":14159,"minecraft:total_world_time":105448,"minecraft:intelligence":47,"minecraft:move_speed":0,"minecraft:sleep_in_bed":3,"minecraft:levels_gained":14,"minecraft:time_since_rest":16562,"minecraft:damage_taken":3801,"minecraft:damage_absorbed":750,"minecraft:damage_dealt":3488,"minecraft:swim_one_cm":17411,"minecraft:fly_one_cm":301570,"minecraft:open_chest":45,"minecraft:crouch_one_cm":248,"minecraft:strength":31,"minecraft:fall_one_cm":26918},"minecraft:killed_by":{"born_in_chaos_v1:baby_skeleton_minion":1,"mowziesmobs:umvuthana_crane":1},"minecraft:used":{"born_in_chaos_v1:supreme_bonescaller_not_despawn_spawn_egg":1,"born_in_chaos_v1:senor_pumpkin_spawn_egg":1,"born_in_chaos_v1:bloody_gadfly_spawn_egg":1,"minecraft:iron_chestplate":2,"minecraft:dirt":6,"born_in_chaos_v1:bonescaller_not_despawn_spawn_egg":1,"born_in_chaos_v1:lifestealer_spawn_egg":1,"born_in_chaos_v1:corpse_fly_spawn_egg":1,"born_in_chaos_v1:restless_spirit_spawn_egg":5,"born_in_chaos_v1:dread_hound_spawn_egg":1,"born_in_chaos_v1:glutton_fish_spawn_egg":1,"born_in_chaos_v1:dread_hound_not_despawn_spawn_egg":1,"minecraft:iron_axe":236,"born_in_chaos_v1:zombie_fisherman_spawn_egg":1,"minecraft:iron_helmet":2,"minecraft:iron_boots":2,"born_in_chaos_v1:dark_vortex_spawn_egg":1,"born_in_chaos_v1:maggot_spawn_egg":1,"born_in_chaos_v1:thornshell_crab_spawn_egg":2,"minecraft:bow":3,"born_in_chaos_v1:pumpkin_bomb_spawn_egg":2,"minecraft:iron_leggings":4,"born_in_chaos_v1:skeleton_thrasher_not_despawn_spawn_egg":1,"born_in_chaos_v1:zombie_lumberjack_spawn_egg":1,"born_in_chaos_v1:barrel_zombie_spawn_egg":1,"born_in_chaos_v1:spiritof_chaos_spawn_egg":2,"minecraft:oak_planks":4,"born_in_chaos_v1:diamond_termite_spawn_egg":1,"minecraft:gold_ore":1,"born_in_chaos_v1:mr_pumpkin_spawn_egg":1,"born_in_chaos_v1:firelight_not_despawn_spawn_egg":2,"born_in_chaos_v1:sir_pumpkinhead_spawn_egg":1,"born_in_chaos_v1:zombie_bruiser_spawn_egg":1,"minecraft:crafting_table":1,"born_in_chaos_v1:lord_pumpkinhead_spawn_egg":1,"born_in_chaos_v1:decrepit_skeleton_spawn_egg":1,"minecraft:apple":11,"born_in_chaos_v1:tombstone_petasi":2,"minecraft:bread":3,"born_in_chaos_v1:swarmer_spawn_egg":1,"minecraft:iron_pickaxe":102,"born_in_chaos_v1:nightmare_stalker_spawn_egg":11,"minecraft:golden_helmet":2,"mmorpg:weapon/staff/wood":34,"born_in_chaos_v1:firelight_spawn_egg":2,"minecraft:diamond_sword":157,"minecraft:yellow_bed":2,"born_in_chaos_v1:missioner_spawn_egg":1,"minecraft:experience_bottle":3},"minecraft:picked_up":{"minecraft:charcoal":12,"minecraft:iron_chestplate":3,"minecraft:crafting_table":1,"minecraft:chicken":1,"minecraft:flower_pot":1,"born_in_chaos_v1:seedof_chaos":8,"mmorpg:skill_gems/aura/str":1,"minecraft:brown_mushroom":6,"minecraft:diamond_sword":2,"born_in_chaos_v1:black_argillite_brick_wall":2,"born_in_chaos_v1:black_argillite_wall":1,"born_in_chaos_v1:fired_black_argillite":8,"minecraft:shield":2,"born_in_chaos_v1:black_argillite_column":11,"mmorpg:skill_gems/aura/dex":2,"minecraft:string":10,"minecraft:item_frame":3,"minecraft:iron_leggings":8,"born_in_chaos_v1:black_argillite_brick":7,"minecraft:experience_bottle":1,"minecraft:gold_nugget":3,"minecraft:iron_nugget":9,"minecraft:iron_pickaxe":4,"mmorpg:currency/socket_adder":2,"mmorpg:offhand/tome/iron":2,"mmorpg:gems/amethyst/0":2,"minecraft:iron_boots":3,"minecraft:tipped_arrow":2,"minecraft:golden_helmet":1,"minecraft:stick":2,"minecraft:raw_iron":9,"born_in_chaos_v1:carved_black_argillite":2,"sophisticatedbackpacks:backpack":4,"born_in_chaos_v1:black_argillite_brick_stairs":12,"born_in_chaos_v1:pieceofdarkmetal":16,"mmorpg:skill_gems/support/int":4,"minecraft:carrot":19,"mowziesmobs:umvuthana_mask_faith":8,"minecraft:rotten_flesh":9,"minecraft:arrow":20,"minecraft:gold_ingot":7,"gnumus:mouse_skin":1,"minecraft:mutton":24,"minecraft:magma_block":2,"born_in_chaos_v1:black_argillite_column_slab":18,"minecraft:air":0,"minecraft:feather":22,"minecraft:red_mushroom":6,"minecraft:oak_log":4,"born_in_chaos_v1:black_argillite_button":3,"minecraft:yellow_bed":7,"minecraft:gunpowder":7,"minecraft:dirt":6,"born_in_chaos_v1:monster_skin":5,"mmorpg:chest/rare_gear":1,"minecraft:bone":14,"minecraft:apple":24,"minecraft:bow":7,"minecraft:wheat_seeds":1,"minecraft:raw_gold":1,"born_in_chaos_v1:smoked_flesh":12,"minecraft:iron_ingot":15,"minecraft:oak_planks":22,"minecraft:iron_sword":2,"minecraft:book":231,"irons_spellbooks:frozen_bone":2,"born_in_chaos_v1:orbofthe_summoner":1,"born_in_chaos_v1:black_argillitepressureplate":8,"mmorpg:stat_soul":1,"minecraft:spruce_log":38,"mmorpg:weapon/staff/wood":2,"minecraft:gold_ore":1,"minecraft:dark_oak_log":58,"minecraft:spider_eye":2,"minecraft:bundle":1,"born_in_chaos_v1:fire_dust":4,"born_in_chaos_v1:black_argillite_brick_slab":32,"minecraft:iron_helmet":3,"minecraft:bread":22,"mmorpg:gems/amethyst/1":1,"minecraft:crimson_roots":2,"minecraft:dark_oak_wood":26,"minecraft:coal":6,"mmorpg:skill_gems/aura/int":1},"minecraft:crafted":{"minecraft:oak_planks":16,"minecraft:iron_axe":1,"minecraft:crafting_table":1,"minecraft:stick":4},"minecraft:killed":{"minecraft:cave_spider":2,"minecraft:spider":2,"born_in_chaos_v1:zombie_bruiser":1,"born_in_chaos_v1:baby_skeleton_minion":3,"born_in_chaos_v1:maggot":1,"mowziesmobs:umvuthana_crane":7,"born_in_chaos_v1:firelight_not_despawn":1,"mowziesmobs:umvuthana":7,"born_in_chaos_v1:baby_skeleton":1,"born_in_chaos_v1:decrepit_skeleton":3,"minecraft:zombie":7,"born_in_chaos_v1:corpse_fly":1,"minecraft:stray":4}},"DataVersion":3465}