{"stats":{"minecraft:dropped":{"minecraft:iron_sword":5,"fantasyfurniture:nordic/bookshelf":2,"minecraft:dark_oak_stairs":5,"minecraft:oak_log":12,"minecraft:crossbow":2,"mowziesmobs:umvuthana_mask_faith":6,"fantasyfurniture:decorations/bone_skeleton_pile":1,"born_in_chaos_v1:firelight_not_despawn_spawn_egg":1,"minecraft:mossy_stone_brick_stairs":1,"farmersdelight:tomato_crate":1,"gnumus:mouse_skin":1,"minecraft:item_frame":2,"minecraft:red_mushroom":3,"sophisticatedbackpacks:gold_backpack":1,"minecraft:deepslate_tile_stairs":1,"born_in_chaos_v1:monster_flesh":1,"minecraft:dirt":86,"fantasyfurniture:nordic/chest":1,"minecraft:dark_oak_log":2,"minecraft:dark_oak_trapdoor":1,"minecraft:crimson_roots":4,"minecraft:chain":1,"born_in_chaos_v1:black_argillite_brick_wall":1,"born_in_chaos_v1:black_argillite_brick":21,"born_in_chaos_v1:supreme_bonescaller_not_despawn_spawn_egg":1,"minecraft:iron_pickaxe":1,"another_furniture:dark_oak_table":1,"born_in_chaos_v1:fired_black_argillite":39,"minecraft:dark_oak_planks":5,"minecraft:bone":3,"minecraft:oak_door":1,"farmersdelight:cabbage_crate":1,"born_in_chaos_v1:tombstone_petasi":1,"minecraft:rotten_flesh":11,"minecraft:oak_planks":83,"born_in_chaos_v1:dread_hound_not_despawn_spawn_egg":1,"mmorpg:material/farming/0":1,"born_in_chaos_v1:black_argillite_wall":9,"sophisticatedbackpacks:diamond_backpack":1,"born_in_chaos_v1:decrepit_skeleton_spawn_egg":1,"farmersdelight:cutting_board":1,"minecraft:deepslate_tiles":1,"born_in_chaos_v1:chipped_black_argillite_brick":10,"born_in_chaos_v1:corpse_maggot":2,"born_in_chaos_v1:scorched_planks_door":1,"farmersdelight:onion_crate":1,"born_in_chaos_v1:barrel_zombie_spawn_egg":1,"minecraft:glass":3,"minecraft:campfire":1,"minecraft:stone_brick_stairs":1,"minecraft:enchanting_table":1,"born_in_chaos_v1:black_argillitepressureplate":34,"minecraft:oak_slab":1,"minecraft:wheat_seeds":8,"minecraft:golden_helmet":2,"minecraft:mossy_cobblestone":1,"minecraft:bookshelf":1,"minecraft:iron_helmet":2,"minecraft:feather":16,"minecraft:cobblestone":13,"minecraft:book":256,"born_in_chaos_v1:orbofthe_summoner":1,"born_in_chaos_v1:black_argillite_column_slab":144,"fantasyfurniture:nordic/wardrobe_bottom":1,"mmorpg:skill_gems/aura/int":2,"mmorpg:skill_gems/aura/dex":2,"born_in_chaos_v1:black_argillite_brick_slab":194,"farmersdelight:light_blue_hanging_canvas_sign":1,"born_in_chaos_v1:skeleton_thrasher_not_despawn_spawn_egg":1,"mmorpg:skill_gems/support/int":1,"minecraft:grass_block":6,"minecraft:coal":29,"mmorpg:weapon/staff/wood":4,"minecraft:stick":10,"minecraft:lava_bucket":1,"mmorpg:map":1,"farmersdelight:carrot_crate":1,"minecraft:diamond_helmet":1,"minecraft:iron_leggings":4,"minecraft:oak_stairs":5,"minecraft:iron_axe":1,"born_in_chaos_v1:carved_black_argillite":7,"fantasyfurniture:decorations/berry_basket_strawberry":1,"minecraft:mossy_cobblestone_stairs":1,"fantasyfurniture:decorations/spider_web_small":1,"minecraft:string":5,"minecraft:bucket":1,"minecraft:stone_brick_slab":2,"born_in_chaos_v1:black_argillite_brick_stairs":55,"born_in_chaos_v1:restless_spirit_spawn_egg":1,"minecraft:chicken":2,"born_in_chaos_v1:black_argillite_button":10,"born_in_chaos_v1:bonescaller_not_despawn_spawn_egg":1,"minecraft:light_gray_wool":1,"minecraft:iron_boots":1,"minecraft:smoker":1,"sophisticatedbackpacks:backpack":1,"fantasyfurniture:decorations/venthyr_tea_set":1,"minecraft:flint_and_steel":2,"minecraft:blast_furnace":1,"born_in_chaos_v1:cursed_scarlet_ornate_glass_pane":1,"minecraft:diamond_sword":2,"minecraft:allium":3,"minecraft:spruce_planks":2,"minecraft:diamond_pickaxe":1,"minecraft:iron_chestplate":1,"mmorpg:offhand/tome/iron":2,"minecraft:oak_sapling":2,"minecraft:mossy_stone_bricks":3,"minecraft:yellow_bed":2,"mmorpg:currency/affix_tier_up_down":1,"born_in_chaos_v1:black_argillite_column":83,"minecraft:spider_eye":18,"fantasyfurniture:dunmer/wardrobe_bottom":2,"minecraft:stone_bricks":40,"farmersdelight:stove":1,"minecraft:diamond_boots":1,"minecraft:bow":4,"mmorpg:jewelry/ring/iron":1,"minecraft:magma_block":2,"farmersdelight:spruce_cabinet":1,"mmorpg:skill_gems/aura/str":2},"minecraft:crafted":{"minecraft:oak_planks":76,"minecraft:cooked_mutton":10,"minecraft:chest":4,"minecraft:smoker":1,"minecraft:cooked_porkchop":4,"minecraft:diamond_axe":1,"minecraft:crafting_table":2,"minecraft:spruce_planks":8,"minecraft:birch_planks":20,"minecraft:diamond_pickaxe":1,"minecraft:stick":16,"minecraft:iron_ingot":10,"minecraft:gold_ingot":1,"farmersdelight:cooked_bacon":6,"minecraft:furnace":3,"minecraft:iron_axe":2,"minecraft:cooked_beef":4,"farmersdelight:cooked_mutton_chops":6,"minecraft:bucket":1,"minecraft:iron_shovel":1},"minecraft:used":{"farmersdelight:onion_crate":1,"born_in_chaos_v1:cursed_scarlet_ornate_glass_pane":5,"minecraft:iron_shovel":134,"minecraft:black_carpet":33,"fantasyfurniture:decorations/venthyr_tomes":4,"farmersdelight:stove":4,"minecraft:chest":5,"minecraft:shield":9,"fantasyfurniture:nordic/floor_light":2,"another_furniture:dark_oak_table":38,"minecraft:iron_sword":72,"minecraft:iron_chestplate":2,"fantasyfurniture:decorations/brewing_cauldron":1,"fantasyfurniture:decorations/dunmer_pottery_1":1,"born_in_chaos_v1:dread_hound_spawn_egg":1,"born_in_chaos_v1:restless_spirit_spawn_egg":5,"fantasyfurniture:nordic/wardrobe_bottom":1,"sophisticatedbackpacks:diamond_backpack":2,"minecraft:glass":222,"fantasyfurniture:decorations/venthyr_food_1":2,"minecraft:lava_bucket":1,"another_furniture:light_gray_curtain":19,"fantasyfurniture:nordic/bookshelf":2,"minecraft:lantern":59,"minecraft:grass_block":3185,"farmersdelight:rice_roll_medley_block":2,"minecraft:iron_helmet":3,"minecraft:dark_oak_wood":1,"minecraft:dark_oak_slab":25,"born_in_chaos_v1:dark_vortex_spawn_egg":1,"minecraft:stone_brick_stairs":27,"minecraft:stone_bricks":221,"born_in_chaos_v1:maggot_spawn_egg":1,"born_in_chaos_v1:thornshell_crab_spawn_egg":2,"fantasyfurniture:decorations/bolts_of_cloth":1,"minecraft:red_carpet":22,"fantasyfurniture:decorations/royal_floor_cushion":2,"farmersdelight:cutting_board":1,"born_in_chaos_v1:fired_black_argillite":7,"minecraft:bow":8,"minecraft:hay_block":8,"fantasyfurniture:venthyr/chandelier":3,"minecraft:furnace":3,"fantasyfurniture:decorations/cookie_jar":5,"born_in_chaos_v1:pumpkin_bomb_spawn_egg":2,"another_furniture:service_bell":2,"fantasyfurniture:nordic/painting_small":3,"another_furniture:dark_oak_flower_box":2,"born_in_chaos_v1:skeleton_thrasher_not_despawn_spawn_egg":1,"farmersdelight:full_tatami_mat":3,"minecraft:dark_oak_stairs":213,"minecraft:mossy_stone_bricks":73,"born_in_chaos_v1:zombie_lumberjack_spawn_egg":1,"born_in_chaos_v1:barrel_zombie_spawn_egg":1,"fantasyfurniture:dunmer/sofa":1,"fantasyfurniture:decorations/bone_skeleton_pile":2,"minecraft:oak_planks":173,"fantasyfurniture:nordic/wall_light":3,"minecraft:mossy_stone_brick_stairs":1,"fantasyfurniture:nordic/carpet":19,"born_in_chaos_v1:diamond_termite_spawn_egg":1,"fantasyfurniture:nordic/table_small":1,"minecraft:diamond_axe":453,"born_in_chaos_v1:mr_pumpkin_spawn_egg":1,"minecraft:dark_oak_trapdoor":4,"born_in_chaos_v1:firelight_not_despawn_spawn_egg":2,"another_furniture:cherry_flower_box":4,"minecraft:blast_furnace":4,"fantasyfurniture:bone/wither/carpet":6,"another_furniture:gray_tall_stool":4,"fantasyfurniture:decorations/venthyr_food_0":1,"minecraft:deepslate_tiles":236,"fantasyfurniture:nordic/oven":2,"sophisticatedbackpacks:backpack":1,"minecraft:dark_oak_log":2,"fantasyfurniture:decorations/berry_basket_strawberry":1,"minecraft:bread":6,"born_in_chaos_v1:tombstone_petasi":2,"another_furniture:dark_oak_drawer":2,"born_in_chaos_v1:swarmer_spawn_egg":1,"born_in_chaos_v1:nightmare_stalker_spawn_egg":11,"fantasyfurniture:bone/skeleton/skull":5,"minecraft:golden_helmet":2,"fantasyfurniture:decorations/potion_bottles":4,"fantasyfurniture:venthyr/oven":1,"minecraft:diamond_sword":157,"minecraft:dark_oak_fence":15,"farmersdelight:spruce_cabinet":10,"minecraft:birch_log":19,"minecraft:chain":20,"fantasyfurniture:decorations/spider_web_wide":1,"minecraft:coarse_dirt":1,"fantasyfurniture:decorations/book_stack":3,"minecraft:experience_bottle":3,"minecraft:netherite_sword":54,"born_in_chaos_v1:supreme_bonescaller_not_despawn_spawn_egg":1,"minecraft:enchanting_table":2,"born_in_chaos_v1:senor_pumpkin_spawn_egg":1,"minecraft:flint_and_steel":214,"born_in_chaos_v1:bloody_gadfly_spawn_egg":1,"fantasyfurniture:nordic/counter":4,"minecraft:spruce_planks":3,"fantasyfurniture:nordic/painting_wide":1,"minecraft:dirt":109,"minecraft:white_carpet":16,"born_in_chaos_v1:scorched_planks_fence":8,"born_in_chaos_v1:bonescaller_not_despawn_spawn_egg":1,"born_in_chaos_v1:lifestealer_spawn_egg":1,"minecraft:diamond_helmet":1,"born_in_chaos_v1:corpse_fly_spawn_egg":1,"farmersdelight:stuffed_pumpkin_block":1,"fantasyfurniture:venthyr/wall_light":4,"minecraft:stone_brick_slab":15,"minecraft:dark_oak_planks":1836,"born_in_chaos_v1:glutton_fish_spawn_egg":1,"born_in_chaos_v1:dread_hound_not_despawn_spawn_egg":1,"born_in_chaos_v1:chipped_black_argillite_brick":547,"minecraft:bookshelf":99,"born_in_chaos_v1:black_argillite_column_slab":3,"fantasyfurniture:decorations/nordic_mead_bottles":5,"minecraft:iron_axe":486,"minecraft:oak_stairs":42,"fantasyfurniture:nordic/door_double":2,"born_in_chaos_v1:zombie_fisherman_spawn_egg":1,"minecraft:red_candle":4,"minecraft:iron_boots":2,"minecraft:barrel":2,"farmersdelight:canvas_rug":5,"minecraft:golden_carrot":1,"fantasyfurniture:nordic/chest":1,"minecraft:deepslate_tile_stairs":1,"farmersdelight:cooking_pot":3,"born_in_chaos_v1:black_argillite_brick_slab":514,"fantasyfurniture:dunmer/wall_light":2,"minecraft:cooked_beef":4,"minecraft:iron_leggings":4,"farmersdelight:potato_crate":2,"fantasyfurniture:decorations/spider_web_small":1,"fantasyfurniture:decorations/venthyr_candles":1,"minecraft:water_bucket":22,"fantasyfurniture:venthyr/bed_double":1,"born_in_chaos_v1:spiritof_chaos_spawn_egg":2,"farmersdelight:skillet":9,"fantasyfurniture:decorations/bone_wither_chalices":6,"fantasyfurniture:decorations/floating_tomes":5,"fantasyfurniture:decorations/venthyr_platter":20,"fantasyfurniture:venthyr/carpet":8,"farmersdelight:dark_oak_cabinet":3,"minecraft:gold_ore":1,"minecraft:cracked_stone_bricks":59,"born_in_chaos_v1:black_argillite_brick_stairs":2122,"born_in_chaos_v1:sir_pumpkinhead_spawn_egg":1,"born_in_chaos_v1:zombie_bruiser_spawn_egg":1,"minecraft:crafting_table":5,"another_furniture:black_curtain":5,"minecraft:campfire":4,"born_in_chaos_v1:lord_pumpkinhead_spawn_egg":1,"fantasyfurniture:dunmer/oven":1,"born_in_chaos_v1:decrepit_skeleton_spawn_egg":1,"minecraft:spruce_log":2,"minecraft:smoker":4,"minecraft:oak_log":928,"fantasyfurniture:dunmer/wardrobe_bottom":2,"minecraft:diamond_pickaxe":349,"minecraft:apple":20,"born_in_chaos_v1:black_argillite_column":21,"minecraft:spruce_trapdoor":4,"minecraft:iron_pickaxe":219,"mmorpg:weapon/staff/iron":23,"farmersdelight:black_hanging_canvas_sign":1,"mmorpg:weapon/staff/wood":40,"fantasyfurniture:furniture_station":2,"born_in_chaos_v1:firelight_spawn_egg":2,"fantasyfurniture:decorations/venthyr_banner":7,"minecraft:cobblestone":2,"minecraft:bucket":23,"fantasyfurniture:decorations/stackable_pumpkins":5,"minecraft:yellow_bed":12,"born_in_chaos_v1:missioner_spawn_egg":1},"minecraft:custom":{"minecraft:blood":0,"minecraft:dexterity":20,"minecraft:interact_with_crafting_table":32,"minecraft:open_barrel":8,"minecraft:leave_game":13,"minecraft:time_since_death":81302,"minecraft:damage_resisted":33,"minecraft:sprint_one_cm":821569,"minecraft:damage_blocked_by_shield":216,"minecraft:drop":286,"minecraft:health":505,"minecraft:talked_to_villager":1,"minecraft:play_time":779619,"minecraft:deaths":11,"minecraft:jump":3701,"minecraft:energy":440,"minecraft:walk_on_water_one_cm":28606,"minecraft:interact_with_furnace":19,"minecraft:intelligence":49,"minecraft:sleep_in_bed":31,"minecraft:levels_gained":20,"minecraft:damage_dealt":7144,"minecraft:player_kills":2,"minecraft:crouch_one_cm":6479,"minecraft:interact_with_smoker":16,"minecraft:mob_kills":170,"minecraft:damage_dealt_resisted":141,"minecraft:climb_one_cm":6897,"minecraft:mana":752,"minecraft:magic_shield":38,"minecraft:walk_one_cm":1558720,"minecraft:sneak_time":9558,"minecraft:walk_under_water_one_cm":15005,"minecraft:total_world_time":779619,"minecraft:move_speed":0,"minecraft:time_since_rest":20161,"minecraft:damage_taken":9687,"minecraft:damage_absorbed":1371,"minecraft:swim_one_cm":32074,"minecraft:fly_one_cm":2135739,"minecraft:open_chest":127,"minecraft:strength":47,"minecraft:fall_one_cm":89429},"minecraft:killed_by":{"minecraft:cave_spider":1,"born_in_chaos_v1:lifestealer_true_form":1,"minecraft:player":2,"born_in_chaos_v1:baby_skeleton_minion":1,"cataclysm:netherite_monstrosity":1,"mowziesmobs:umvuthana_crane":1},"minecraft:picked_up":{"irons_spellbooks:scroll":1,"minecraft:iron_chestplate":6,"minecraft:wheat":1,"mmorpg:material/farming/0":2,"minecraft:flower_pot":1,"minecraft:diamond_sword":2,"minecraft:oak_stairs":100,"born_in_chaos_v1:black_argillite_brick_wall":2,"minecraft:enchanted_book":3,"born_in_chaos_v1:black_argillite_wall":41,"farmersdelight:cutting_board":1,"mmorpg:skill_gems/aura/dex":3,"minecraft:string":12,"minecraft:iron_leggings":12,"minecraft:experience_bottle":1,"irons_spellbooks:arcane_essence":4,"minecraft:gold_nugget":3,"mmorpg:map":3,"minecraft:bucket":1,"fantasyfurniture:decorations/bone_skeleton_pile":1,"minecraft:iron_pickaxe":5,"mmorpg:chest/legendary_gear":1,"mmorpg:gems/amethyst/0":2,"mmorpg:currency/socket_adder":2,"minecraft:iron_boots":4,"minecraft:furnace":1,"minecraft:tipped_arrow":2,"minecraft:golden_helmet":1,"minecraft:stick":9,"minecraft:oak_fence":11,"minecraft:torch":1,"minecraft:porkchop":7,"born_in_chaos_v1:black_argillite_brick_stairs":144,"farmersdelight:tomato_crate":1,"minecraft:rotten_flesh":17,"fantasyfurniture:nordic/chest":1,"minecraft:cobblestone":132,"minecraft:birch_log":34,"minecraft:magma_block":2,"farmersdelight:onion_crate":1,"minecraft:feather":22,"minecraft:cooked_beef":4,"minecraft:water_bucket":2,"minecraft:smoker":1,"farmersdelight:bacon":6,"fantasyfurniture:dunmer/wardrobe_bottom":2,"born_in_chaos_v1:black_argillite_button":19,"farmersdelight:carrot_crate":1,"irons_spellbooks:keeper_flamberge":1,"minecraft:dirt":262,"minecraft:lantern":5,"farmersdelight:mutton_chops":6,"born_in_chaos_v1:monster_skin":16,"minecraft:glass":3,"minecraft:bone":17,"minecraft:bow":12,"minecraft:wheat_seeds":10,"minecraft:raw_gold":1,"minecraft:mossy_stone_bricks":1,"minecraft:diamond_helmet":1,"minecraft:oak_planks":292,"irons_spellbooks:frozen_bone":2,"farmersdelight:spruce_cabinet":1,"mmorpg:harvest/purple_gem":8,"minecraft:grass_block":3,"mmorpg:jewelry/ring/gold":2,"minecraft:dark_oak_log":58,"farmersdelight:cooked_mutton_chops":6,"minecraft:mossy_cobblestone":2,"minecraft:bundle":1,"born_in_chaos_v1:fire_dust":15,"minecraft:diamond":3,"minecraft:crossbow":1,"minecraft:bread":85,"minecraft:oak_sapling":7,"mmorpg:skill_gems/aura/int":3,"minecraft:crimson_roots":6,"minecraft:diamond_pickaxe":3,"sophisticatedbackpacks:gold_backpack":1,"minecraft:charcoal":22,"minecraft:coarse_dirt":1,"minecraft:crafting_table":5,"minecraft:allium":5,"minecraft:chicken":2,"born_in_chaos_v1:seedof_chaos":14,"mmorpg:skill_gems/aura/str":1,"minecraft:brown_mushroom":6,"fantasyfurniture:decorations/spider_web_small":1,"minecraft:chain":1,"born_in_chaos_v1:fired_black_argillite":71,"minecraft:shield":4,"born_in_chaos_v1:black_argillite_column":147,"fantasyfurniture:nordic/bookshelf":2,"minecraft:oak_trapdoor":2,"minecraft:item_frame":3,"minecraft:iron_shovel":1,"born_in_chaos_v1:black_argillite_brick":50,"minecraft:netherite_sword":3,"minecraft:beef":4,"fantasyfurniture:nordic/wardrobe_bottom":1,"minecraft:iron_nugget":9,"minecraft:light_gray_wool":1,"minecraft:chest":2,"mmorpg:offhand/tome/iron":5,"minecraft:egg":1,"minecraft:raw_iron":9,"minecraft:stone":30,"minecraft:oak_door":7,"farmersdelight:cabbage_crate":1,"born_in_chaos_v1:carved_black_argillite":47,"mmorpg:chest/mythic_gear":1,"minecraft:spruce_fence":1,"sophisticatedbackpacks:backpack":6,"another_furniture:dark_oak_table":1,"mmorpg:currency/affix_tier_up_down":1,"minecraft:carrot":38,"born_in_chaos_v1:pieceofdarkmetal":50,"mmorpg:skill_gems/support/int":4,"minecraft:dark_oak_planks":4,"farmersdelight:light_blue_hanging_canvas_sign":1,"mowziesmobs:umvuthana_mask_faith":8,"minecraft:arrow":28,"minecraft:pumpkin_pie":5,"minecraft:shears":1,"minecraft:diamond_boots":4,"minecraft:hay_block":16,"minecraft:gold_ingot":8,"gnumus:mouse_skin":1,"minecraft:mutton":34,"minecraft:stripped_oak_log":29,"born_in_chaos_v1:corpse_maggot":5,"minecraft:netherite_boots":1,"born_in_chaos_v1:black_argillite_column_slab":270,"minecraft:air":0,"minecraft:golden_carrot":2,"born_in_chaos_v1:monster_flesh":2,"minecraft:red_mushroom":9,"minecraft:filled_map":2,"minecraft:oak_log":238,"minecraft:yellow_bed":18,"minecraft:gunpowder":21,"mmorpg:currency/map_rarity_upgrade":1,"another_furniture:light_gray_curtain":1,"mmorpg:chest/rare_gear":1,"minecraft:cooked_mutton":10,"minecraft:red_carpet":1,"cataclysm:infernal_forge":1,"minecraft:apple":41,"minecraft:stone_bricks":132,"born_in_chaos_v1:smoked_flesh":18,"minecraft:iron_ingot":49,"born_in_chaos_v1:chipped_black_argillite_brick":27,"fantasyfurniture:decorations/venthyr_tea_set":1,"minecraft:iron_sword":5,"minecraft:dark_oak_stairs":3,"sophisticatedbackpacks:diamond_backpack":3,"minecraft:book":231,"minecraft:oak_slab":117,"minecraft:pumpkin":7,"born_in_chaos_v1:ethereal_spirit":2,"minecraft:stone_brick_slab":1,"born_in_chaos_v1:scorched_planks_door":1,"born_in_chaos_v1:orbofthe_summoner":1,"born_in_chaos_v1:black_argillitepressureplate":49,"another_furniture:black_curtain":1,"mmorpg:stat_soul":1,"born_in_chaos_v1:dark_rod":1,"minecraft:blast_furnace":1,"mmorpg:weapon/staff/wood":4,"minecraft:spruce_log":66,"minecraft:gold_ore":1,"born_in_chaos_v1:cursed_scarlet_ornate_glass_pane":1,"mmorpg:weapon/staff/iron":4,"mmorpg:harvest/blue_gem":5,"minecraft:spider_eye":2,"born_in_chaos_v1:black_argillite_brick_slab":390,"minecraft:iron_helmet":6,"minecraft:diamond_axe":1,"minecraft:mossy_cobblestone_stairs":2,"minecraft:dark_oak_wood":52,"mmorpg:gems/amethyst/1":1,"minecraft:coal":97,"mmorpg:offhand/dodge/iron":1},"minecraft:mined":{"minecraft:cobblestone_stairs":2,"minecraft:grass_block":132,"born_in_chaos_v1:dark_metal_deposit":2,"minecraft:spawner":1,"minecraft:weeping_vines_plant":1,"minecraft:magma_block":7,"minecraft:mossy_cobblestone_slab":1,"minecraft:mossy_cobblestone_stairs":2,"born_in_chaos_v1:black_argillite_brick_slab":112,"born_in_chaos_v1:black_argillite_brick_stairs":59,"minecraft:pumpkin":7,"minecraft:dirt_path":4,"minecraft:oak_stairs":71,"born_in_chaos_v1:carved_black_argillite":16,"minecraft:smoker":1,"minecraft:dark_oak_wood":14,"minecraft:chest":2,"born_in_chaos_v1:black_argillite_column_slab":64,"minecraft:mushroom_stem":14,"minecraft:cobblestone":95,"minecraft:white_candle":2,"minecraft:oak_planks":145,"sophisticatedbackpacks:diamond_backpack":1,"minecraft:birch_log":30,"born_in_chaos_v1:fired_black_argillite":24,"born_in_chaos_v1:black_argillite_brick":27,"minecraft:grass":63,"minecraft:oak_log":238,"minecraft:dirt":29,"minecraft:red_mushroom_block":40,"born_in_chaos_v1:black_argillite_wall":17,"minecraft:netherrack":1,"minecraft:oak_leaves":26,"minecraft:mossy_cobblestone":3,"minecraft:candle":1,"minecraft:oak_door":6,"minecraft:dark_oak_log":58,"born_in_chaos_v1:black_argillite":1,"minecraft:crimson_roots":4,"minecraft:hay_block":17,"minecraft:large_fern":3,"born_in_chaos_v1:black_argillite_column":40,"minecraft:furnace":1,"minecraft:bookshelf":77,"minecraft:stripped_oak_log":31,"minecraft:stone":25,"minecraft:oak_slab":114,"minecraft:scaffolding":1,"minecraft:glass_pane":4,"minecraft:oak_fence":17,"minecraft:crafting_table":3,"minecraft:campfire":2,"minecraft:tall_grass":5,"born_in_chaos_v1:chipped_black_argillite_brick":12,"minecraft:coarse_dirt":1,"minecraft:spruce_log":21,"minecraft:birch_leaves":2,"born_in_chaos_v1:black_argillitepressureplate":3,"minecraft:yellow_bed":14,"minecraft:coal_ore":14,"minecraft:stone_bricks":7,"minecraft:gold_ore":1,"minecraft:fern":2},"minecraft:broken":{"mowziesmobs:umvuthana_mask_faith":1,"minecraft:iron_axe":1,"minecraft:iron_helmet":1},"minecraft:killed":{"minecraft:cave_spider":7,"born_in_chaos_v1:mr_pumpkin":1,"minecraft:witch":2,"born_in_chaos_v1:restless_spirit":1,"born_in_chaos_v1:pumpkin_spirit":1,"minecraft:spider":8,"cataclysm:netherite_monstrosity":1,"born_in_chaos_v1:baby_skeleton_minion":3,"minecraft:skeleton":6,"mowziesmobs:umvuthana_crane":7,"mmorpg:explody_minion":5,"born_in_chaos_v1:firelight_not_despawn":2,"minecraft:pig":2,"irons_spellbooks:necromancer":1,"minecraft:creeper":3,"minecraft:sheep":1,"mmorpg:cold_golem":2,"minecraft:zombie":13,"born_in_chaos_v1:dread_hound":2,"born_in_chaos_v1:corpse_fly":3,"minecraft:stray":4,"born_in_chaos_v1:door_knight":1,"minecraft:slime":43,"born_in_chaos_v1:zombie_bruiser":2,"born_in_chaos_v1:maggot":8,"minecraft:drowned":3,"mowziesmobs:umvuthana":12,"born_in_chaos_v1:spiritof_chaos":1,"born_in_chaos_v1:baby_skeleton":1,"born_in_chaos_v1:decrepit_skeleton":4,"born_in_chaos_v1:dark_vortex":1,"creeperoverhaul:savannah_creeper":1,"minecraft:villager":1}},"DataVersion":3465}