{"stats":{"minecraft:mined":{"minecraft:dark_oak_log":58,"minecraft:grass_block":4,"minecraft:spawner":1,"minecraft:large_fern":3,"minecraft:weeping_vines_plant":1,"minecraft:bookshelf":77,"minecraft:dirt_path":2,"minecraft:scaffolding":1,"minecraft:dark_oak_wood":14,"minecraft:campfire":2,"minecraft:mushroom_stem":14,"minecraft:tall_grass":1,"minecraft:spruce_log":21,"minecraft:yellow_bed":5,"minecraft:grass":4,"minecraft:oak_log":4,"minecraft:dirt":1,"minecraft:red_mushroom_block":40,"minecraft:gold_ore":1,"minecraft:fern":2},"minecraft:dropped":{"minecraft:iron_sword":3,"minecraft:golden_helmet":2,"born_in_chaos_v1:orbofthe_summoner":1,"born_in_chaos_v1:firelight_not_despawn_spawn_egg":1,"mmorpg:skill_gems/aura/int":1,"born_in_chaos_v1:skeleton_thrasher_not_despawn_spawn_egg":1,"gnumus:mouse_skin":1,"mmorpg:skill_gems/support/int":1,"minecraft:stick":2,"minecraft:item_frame":2,"mmorpg:weapon/staff/wood":2,"minecraft:dark_oak_log":1,"born_in_chaos_v1:black_argillite_brick_wall":1,"born_in_chaos_v1:supreme_bonescaller_not_despawn_spawn_egg":1,"born_in_chaos_v1:tombstone_petasi":1,"born_in_chaos_v1:restless_spirit_spawn_egg":1,"minecraft:rotten_flesh":2,"born_in_chaos_v1:bonescaller_not_despawn_spawn_egg":1,"born_in_chaos_v1:dread_hound_not_despawn_spawn_egg":1,"born_in_chaos_v1:decrepit_skeleton_spawn_egg":1,"minecraft:diamond_sword":2,"minecraft:yellow_bed":1,"minecraft:spider_eye":1,"born_in_chaos_v1:barrel_zombie_spawn_egg":1,"minecraft:bow":3},"minecraft:custom":{"minecraft:blood":0,"minecraft:mob_kills":24,"minecraft:dexterity":20,"minecraft:interact_with_crafting_table":5,"minecraft:open_barrel":5,"minecraft:damage_dealt_resisted":26,"minecraft:leave_game":3,"minecraft:time_since_death":16536,"minecraft:climb_one_cm":3154,"minecraft:mana":670,"minecraft:magic_shield":0,"minecraft:sprint_one_cm":233098,"minecraft:walk_one_cm":226802,"minecraft:drop":34,"minecraft:health":362,"minecraft:talked_to_villager":1,"minecraft:play_time":82330,"minecraft:deaths":1,"minecraft:sneak_time":303,"minecraft:walk_under_water_one_cm":2073,"minecraft:jump":551,"minecraft:energy":380,"minecraft:walk_on_water_one_cm":4955,"minecraft:total_world_time":82330,"minecraft:intelligence":47,"minecraft:move_speed":0,"minecraft:sleep_in_bed":3,"minecraft:levels_gained":14,"minecraft:time_since_rest":16564,"minecraft:damage_taken":2250,"minecraft:damage_absorbed":749,"minecraft:damage_dealt":2018,"minecraft:swim_one_cm":6291,"minecraft:fly_one_cm":242737,"minecraft:open_chest":42,"minecraft:crouch_one_cm":139,"minecraft:strength":31,"minecraft:fall_one_cm":15546},"minecraft:killed_by":{"born_in_chaos_v1:baby_skeleton_minion":1},"minecraft:used":{"born_in_chaos_v1:supreme_bonescaller_not_despawn_spawn_egg":1,"born_in_chaos_v1:senor_pumpkin_spawn_egg":1,"born_in_chaos_v1:bloody_gadfly_spawn_egg":1,"minecraft:iron_chestplate":1,"minecraft:dirt":6,"born_in_chaos_v1:bonescaller_not_despawn_spawn_egg":1,"born_in_chaos_v1:lifestealer_spawn_egg":1,"born_in_chaos_v1:corpse_fly_spawn_egg":1,"born_in_chaos_v1:restless_spirit_spawn_egg":5,"born_in_chaos_v1:dread_hound_spawn_egg":1,"born_in_chaos_v1:glutton_fish_spawn_egg":1,"born_in_chaos_v1:dread_hound_not_despawn_spawn_egg":1,"minecraft:iron_axe":236,"born_in_chaos_v1:zombie_fisherman_spawn_egg":1,"minecraft:iron_helmet":2,"minecraft:iron_boots":1,"born_in_chaos_v1:dark_vortex_spawn_egg":1,"born_in_chaos_v1:maggot_spawn_egg":1,"born_in_chaos_v1:thornshell_crab_spawn_egg":2,"minecraft:bow":3,"born_in_chaos_v1:pumpkin_bomb_spawn_egg":2,"minecraft:iron_leggings":1,"born_in_chaos_v1:skeleton_thrasher_not_despawn_spawn_egg":1,"born_in_chaos_v1:zombie_lumberjack_spawn_egg":1,"born_in_chaos_v1:barrel_zombie_spawn_egg":1,"born_in_chaos_v1:spiritof_chaos_spawn_egg":2,"born_in_chaos_v1:diamond_termite_spawn_egg":1,"minecraft:gold_ore":1,"born_in_chaos_v1:mr_pumpkin_spawn_egg":1,"born_in_chaos_v1:firelight_not_despawn_spawn_egg":2,"born_in_chaos_v1:sir_pumpkinhead_spawn_egg":1,"born_in_chaos_v1:zombie_bruiser_spawn_egg":1,"minecraft:crafting_table":1,"born_in_chaos_v1:lord_pumpkinhead_spawn_egg":1,"born_in_chaos_v1:decrepit_skeleton_spawn_egg":1,"minecraft:apple":9,"born_in_chaos_v1:tombstone_petasi":2,"minecraft:bread":3,"born_in_chaos_v1:swarmer_spawn_egg":1,"minecraft:iron_pickaxe":2,"born_in_chaos_v1:nightmare_stalker_spawn_egg":11,"minecraft:golden_helmet":2,"mmorpg:weapon/staff/wood":29,"born_in_chaos_v1:firelight_spawn_egg":2,"minecraft:diamond_sword":70,"minecraft:yellow_bed":2,"born_in_chaos_v1:missioner_spawn_egg":1,"minecraft:experience_bottle":1},"minecraft:picked_up":{"minecraft:charcoal":8,"minecraft:iron_chestplate":2,"minecraft:crafting_table":1,"minecraft:flower_pot":1,"born_in_chaos_v1:seedof_chaos":2,"mmorpg:skill_gems/aura/str":1,"minecraft:brown_mushroom":6,"minecraft:diamond_sword":2,"born_in_chaos_v1:black_argillite_brick_wall":2,"minecraft:shield":1,"minecraft:string":10,"minecraft:item_frame":3,"minecraft:iron_leggings":2,"minecraft:experience_bottle":1,"minecraft:gold_nugget":3,"minecraft:iron_nugget":9,"minecraft:iron_pickaxe":2,"mmorpg:currency/socket_adder":1,"mmorpg:offhand/tome/iron":1,"mmorpg:gems/amethyst/0":2,"minecraft:iron_boots":2,"minecraft:tipped_arrow":2,"minecraft:golden_helmet":1,"minecraft:stick":2,"minecraft:raw_iron":9,"sophisticatedbackpacks:backpack":2,"mmorpg:skill_gems/support/int":2,"minecraft:carrot":10,"minecraft:rotten_flesh":4,"minecraft:arrow":11,"minecraft:gold_ingot":4,"gnumus:mouse_skin":1,"minecraft:mutton":16,"minecraft:red_mushroom":3,"minecraft:oak_log":4,"minecraft:yellow_bed":7,"minecraft:dirt":6,"mmorpg:chest/rare_gear":1,"minecraft:bone":14,"minecraft:apple":14,"minecraft:bow":6,"minecraft:raw_gold":1,"born_in_chaos_v1:smoked_flesh":6,"minecraft:iron_ingot":1,"minecraft:oak_planks":12,"minecraft:iron_sword":1,"minecraft:book":231,"irons_spellbooks:frozen_bone":2,"born_in_chaos_v1:orbofthe_summoner":1,"mmorpg:stat_soul":1,"minecraft:spruce_log":19,"mmorpg:weapon/staff/wood":1,"minecraft:gold_ore":1,"minecraft:dark_oak_log":58,"minecraft:spider_eye":2,"minecraft:bundle":1,"born_in_chaos_v1:fire_dust":2,"minecraft:iron_helmet":2,"minecraft:bread":11,"minecraft:crimson_roots":1,"minecraft:dark_oak_wood":13,"minecraft:coal":5,"mmorpg:skill_gems/aura/int":1},"minecraft:crafted":{"minecraft:oak_planks":16,"minecraft:iron_axe":1,"minecraft:crafting_table":1,"minecraft:stick":4},"minecraft:killed":{"minecraft:cave_spider":2,"minecraft:spider":2,"born_in_chaos_v1:baby_skeleton_minion":3,"born_in_chaos_v1:maggot":1,"born_in_chaos_v1:decrepit_skeleton":2,"minecraft:zombie":6,"born_in_chaos_v1:corpse_fly":1,"minecraft:stray":4}},"DataVersion":3465}