{"stats":{"minecraft:mined":{"mmorpg:teleporter":1,"minecraft:potted_crimson_roots":1,"minecraft:cobblestone_stairs":1,"minecraft:stone_button":1,"minecraft:grass_block":14,"born_in_chaos_v1:black_argillite_brick_wall":1,"born_in_chaos_v1:black_argillite":1,"minecraft:hay_block":4,"farmersdelight:tomatoes":1,"minecraft:spawner":5,"born_in_chaos_v1:black_argillite_column":8,"minecraft:weeping_vines_plant":1,"minecraft:oak_trapdoor":7,"born_in_chaos_v1:black_argillite_brick_slab":50,"minecraft:fire":3,"born_in_chaos_v1:black_argillite_brick_stairs":9,"minecraft:enchanting_table":1,"minecraft:dark_oak_stairs":1,"minecraft:bookshelf":4,"minecraft:cobblestone_slab":1,"minecraft:dirt_path":2,"minecraft:oak_stairs":143,"minecraft:iron_bars":4,"minecraft:stripped_oak_log":4,"minecraft:iron_block":1,"minecraft:pink_terracotta":1,"minecraft:oak_slab":78,"minecraft:acacia_leaves":12,"minecraft:glass_pane":8,"born_in_chaos_v1:marigolds":1,"born_in_chaos_v1:carved_black_argillite":8,"minecraft:crafting_table":1,"minecraft:chest":2,"minecraft:campfire":1,"born_in_chaos_v1:black_argillite_column_slab":21,"minecraft:tall_grass":20,"minecraft:cobblestone":53,"minecraft:white_candle":2,"minecraft:grindstone":1,"minecraft:oak_planks":108,"minecraft:wall_torch":1,"minecraft:light_blue_terracotta":1,"minecraft:birch_log":6,"minecraft:wheat":59,"born_in_chaos_v1:black_argillitepressureplate":1,"born_in_chaos_v1:black_argillite_brick":3,"minecraft:yellow_bed":2,"minecraft:grass":58,"minecraft:oak_log":92,"minecraft:acacia_fence":1,"minecraft:dirt":9,"minecraft:cracked_stone_bricks":4,"minecraft:stone_bricks":3,"born_in_chaos_v1:black_argillite_wall":7,"minecraft:mossy_stone_bricks":2,"minecraft:oak_leaves":6},"minecraft:killed":{"minecraft:evoker":2,"minecraft:vex":9,"minecraft:cave_spider":28,"born_in_chaos_v1:mr_pumpkin":1,"minecraft:witch":3,"born_in_chaos_v1:door_knight_not_despawn":1,"minecraft:spider":46,"born_in_chaos_v1:zombie_clown_not_despawn":1,"mowziesmobs:umvuthi":1,"minecraft:vindicator":3,"born_in_chaos_v1:skeleton_thrasher_not_despawn":1,"minecraft:slime":52,"minecraft:horse":1,"born_in_chaos_v1:zombie_bruiser":1,"born_in_chaos_v1:baby_skeleton_minion":3,"born_in_chaos_v1:maggot":6,"minecraft:skeleton":5,"minecraft:chicken":5,"mowziesmobs:umvuthana_crane":2,"gnumus:gnumus_hunter":2,"born_in_chaos_v1:supreme_bonescaller_stage_2":1,"mmorpg:explody_minion":13,"minecraft:piglin_brute":1,"born_in_chaos_v1:firelight_not_despawn":1,"mowziesmobs:umvuthana":3,"born_in_chaos_v1:fallen_chaos_knight":1,"minecraft:husk":6,"minecraft:pig":4,"born_in_chaos_v1:bone_imp_minion":9,"born_in_chaos_v1:baby_skeleton":1,"born_in_chaos_v1:decrepit_skeleton":4,"minecraft:sheep":15,"gnumus:gnumus_merchant":2,"minecraft:pillager":14,"minecraft:zombie":20,"born_in_chaos_v1:corpse_fly":1,"born_in_chaos_v1:bonescaller_not_despawn":1,"minecraft:stray":15,"minecraft:wither_skeleton":1,"minecraft:villager":2,"minecraft:cow":6},"minecraft:dropped":{"minecraft:bread":20,"minecraft:wheat_seeds":90,"mmorpg:currency/map_rarity_upgrade":1,"mmorpg:offhand/dodge/iron":2,"minecraft:diamond":3,"mmorpg:skill_gems/support/dex":1,"minecraft:iron_helmet":1,"mowziesmobs:umvuthana_mask_faith":2,"born_in_chaos_v1:orbofthe_summoner":1,"minecraft:leather":1,"mmorpg:chest/mythic_gear":1,"mmorpg:skill_gems/aura/dex":1,"mmorpg:skill_gems/aura/int":5,"mmorpg:skill_gems/support/int":2,"minecraft:grass_block":1,"gnumus:mouse_skin":4,"sophisticatedbackpacks:gold_backpack":1,"minecraft:item_frame":2,"mmorpg:chest/legendary_gear":1,"mmorpg:map":1,"minecraft:dirt":1,"minecraft:gray_wool":1,"minecraft:torch":2,"minecraft:crimson_roots":2,"mmorpg:chest/rare_gear":1,"minecraft:diamond_helmet":1,"minecraft:iron_leggings":1,"farmersdelight:onion":10,"minecraft:iron_pickaxe":1,"minecraft:gold_ingot":5,"mmorpg:offhand/tome/diamond":1,"minecraft:netherite_sword":2,"farmersdelight:cabbage_seeds":5,"minecraft:rotten_flesh":18,"minecraft:light_gray_wool":1,"minecraft:iron_boots":3,"mmorpg:runes/nos":1,"sophisticatedbackpacks:backpack":3,"born_in_chaos_v1:spiritual_dust":2,"sophisticatedbackpacks:diamond_backpack":2,"mmorpg:weapon/staff/iron":2,"minecraft:diamond_sword":1,"minecraft:tipped_arrow":2,"minecraft:iron_chestplate":2,"mmorpg:offhand/tome/iron":1,"mmorpg:currency/socket_adder":1,"minecraft:diamond_boots":2,"minecraft:bow":1,"mmorpg:jewelry/ring/iron":2,"minecraft:magma_block":1,"mmorpg:skill_gems/aura/str":2},"minecraft:picked_up":{"sophisticatedbackpacks:gold_backpack":3,"minecraft:iron_chestplate":3,"minecraft:chicken":3,"born_in_chaos_v1:seedof_chaos":2,"mmorpg:skill_gems/aura/str":2,"minecraft:diamond_sword":2,"mmorpg:jewelry/ring/iron":2,"born_in_chaos_v1:black_argillite_column":11,"minecraft:string":4,"minecraft:moss_carpet":1,"minecraft:item_frame":3,"minecraft:glass_pane":1,"minecraft:cracked_stone_bricks":3,"minecraft:diamond_leggings":1,"minecraft:candle":3,"mmorpg:map":5,"minecraft:chest":1,"minecraft:netherite_sword":1,"mmorpg:gems/tourmaline/0":1,"gnumus:packaged_goods":2,"minecraft:beef":13,"minecraft:cobblestone_slab":1,"minecraft:stick":2,"born_in_chaos_v1:stimulating_decoction":3,"mmorpg:offhand/tome/iron":2,"minecraft:egg":2,"mmorpg:currency/socket_adder":2,"minecraft:iron_boots":2,"mmorpg:skill_gems/support/dex":1,"minecraft:tipped_arrow":2,"minecraft:beehive":1,"born_in_chaos_v1:shattered_skull":1,"minecraft:acacia_fence":1,"minecraft:oak_fence":3,"sophisticatedbackpacks:backpack":1,"minecraft:porkchop":8,"minecraft:stone_button":2,"mmorpg:skill_gems/support/int":1,"born_in_chaos_v1:pieceofdarkmetal":3,"mmorpg:runes/nos":1,"minecraft:pink_terracotta":1,"mowziesmobs:umvuthana_mask_faith":1,"minecraft:arrow":3,"minecraft:weeping_vines":1,"minecraft:rotten_flesh":14,"minecraft:diamond_boots":1,"minecraft:hay_block":5,"minecraft:iron_block":1,"minecraft:bookshelf":4,"minecraft:gold_ingot":2,"gnumus:mouse_skin":7,"minecraft:glow_berries":3,"minecraft:mutton":9,"minecraft:white_wool":7,"minecraft:birch_log":1,"gnumus:gnumus_doubloons":5,"born_in_chaos_v1:black_argillite_column_slab":30,"mmorpg:offhand/tome/diamond":1,"minecraft:cooked_beef":13,"minecraft:golden_carrot":3,"born_in_chaos_v1:spiritual_dust":6,"minecraft:leather":11,"minecraft:birch_planks":2,"minecraft:oak_log":9,"minecraft:yellow_bed":3,"mmorpg:currency/map_rarity_upgrade":1,"minecraft:dirt":12,"minecraft:paper":2,"gnumus:gnumus_pouch_2":1,"minecraft:bone":12,"minecraft:stone_bricks":2,"minecraft:bow":4,"minecraft:wheat_seeds":3,"minecraft:iron_ingot":5,"minecraft:mossy_stone_bricks":2,"minecraft:oak_planks":3,"minecraft:iron_sword":2,"minecraft:dark_oak_stairs":1,"sophisticatedbackpacks:diamond_backpack":1,"minecraft:oak_slab":10,"irons_spellbooks:frozen_bone":12,"mmorpg:harvest/purple_gem":3,"born_in_chaos_v1:orbofthe_summoner":3,"mmorpg:harvest/blue_gem":3,"mmorpg:weapon/staff/wood":1,"mmorpg:weapon/staff/iron":3,"minecraft:white_candle":10,"minecraft:light_blue_terracotta":1,"born_in_chaos_v1:firelight_not_despawn_spawn_egg":1,"minecraft:iron_helmet":1,"mmorpg:jewelry/necklace/gold":2,"minecraft:crossbow":1,"minecraft:gray_wool":1,"minecraft:emerald":1,"minecraft:oak_sapling":1,"mmorpg:skill_gems/aura/int":3,"mmorpg:offhand/dodge/iron":2},"minecraft:broken":{"minecraft:iron_chestplate":1},"minecraft:killed_by":{"mowziesmobs:umvuthi":3},"minecraft:used":{"minecraft:enchanting_table":2,"minecraft:netherite_sword":73,"born_in_chaos_v1:senor_pumpkin_spawn_egg":1,"cataclysm:endermaptera_spawn_egg":2,"born_in_chaos_v1:darkwarblade":23,"minecraft:light_blue_terracotta":2,"cataclysm:ender_golem_spawn_egg":1,"minecraft:iron_sword":11,"minecraft:oak_door":1,"minecraft:dirt":42,"cataclysm:the_prowler_spawn_egg":1,"minecraft:beehive":1,"born_in_chaos_v1:black_argillite_column_slab":4,"minecraft:bookshelf":19,"minecraft:iron_block":1,"minecraft:grass_block":11,"minecraft:bow":1,"minecraft:beef":8,"cataclysm:nameless_sorcerer_spawn_egg":2,"minecraft:acacia_fence":2,"minecraft:cooked_beef":4,"cataclysm:the_leviathan_spawn_egg":1,"minecraft:iron_leggings":2,"minecraft:dark_oak_stairs":4,"cataclysm:ignis_spawn_egg":1,"minecraft:diamond_boots":2,"minecraft:oak_planks":16,"minecraft:ender_pearl":1,"minecraft:diamond_axe":449,"born_in_chaos_v1:stimulating_decoction":3,"minecraft:glow_berries":3,"minecraft:terracotta":2,"minecraft:crafting_table":1,"minecraft:oak_log":1,"cataclysm:ender_guardian_spawn_egg":2,"minecraft:diamond_pickaxe":140,"minecraft:apple":3,"minecraft:diamond_shovel":5,"minecraft:dark_oak_log":2,"minecraft:chicken":3,"minecraft:bread":5,"minecraft:iron_pickaxe":84,"minecraft:stone_button":2,"mmorpg:weapon/staff/iron":20,"cataclysm:netherite_monstrosity_spawn_egg":1,"mmorpg:teleporter":4,"minecraft:diamond_sword":261,"minecraft:cobblestone":2,"minecraft:porkchop":6,"minecraft:yellow_bed":2},"minecraft:crafted":{"minecraft:oak_planks":132,"minecraft:diamond_shovel":1,"minecraft:bookshelf":28,"sophisticatedbackpacks:iron_backpack":1,"minecraft:crafting_table":1,"minecraft:enchanting_table":1,"sophisticatedbackpacks:gold_backpack":1,"minecraft:bread":66,"sophisticatedbackpacks:diamond_backpack":2},"minecraft:custom":{"minecraft:interact_with_smithing_table":1,"minecraft:blood":0,"minecraft:mob_kills":294,"minecraft:dexterity":46,"minecraft:interact_with_crafting_table":17,"minecraft:open_barrel":29,"minecraft:damage_dealt_resisted":432,"minecraft:leave_game":4,"minecraft:time_since_death":151559,"minecraft:climb_one_cm":7109,"minecraft:mana":1310,"minecraft:magic_shield":0,"minecraft:sprint_one_cm":519639,"minecraft:walk_one_cm":607951,"minecraft:drop":209,"minecraft:health":626,"minecraft:talked_to_villager":22,"minecraft:play_time":257110,"minecraft:sneak_time":1910,"minecraft:deaths":3,"minecraft:walk_under_water_one_cm":3490,"minecraft:jump":3654,"minecraft:energy":670,"minecraft:walk_on_water_one_cm":13137,"minecraft:enchant_item":5,"minecraft:total_world_time":257110,"minecraft:intelligence":92,"minecraft:move_speed":0,"minecraft:traded_with_villager":11,"minecraft:raid_trigger":1,"minecraft:sleep_in_bed":5,"minecraft:levels_gained":20,"minecraft:time_since_rest":17010,"minecraft:damage_taken":7659,"minecraft:damage_absorbed":305,"minecraft:damage_dealt":8182,"minecraft:swim_one_cm":18173,"minecraft:fly_one_cm":921463,"minecraft:player_kills":1,"minecraft:open_chest":113,"minecraft:crouch_one_cm":3530,"minecraft:strength":60,"minecraft:fall_one_cm":108199}},"DataVersion":3465}