{"stats":{"minecraft:dropped":{"mmorpg:offhand/dodge/iron":1,"sophisticatedbackpacks:backpack":1,"mmorpg:skill_gems/aura/int":1,"mmorpg:skill_gems/support/int":1,"gnumus:mouse_skin":4,"minecraft:item_frame":2,"minecraft:diamond_sword":1,"minecraft:iron_chestplate":2,"mmorpg:chest/rare_gear":1,"minecraft:iron_leggings":1,"minecraft:iron_pickaxe":1,"mmorpg:skill_gems/aura/str":1},"minecraft:mined":{"minecraft:potted_crimson_roots":1,"born_in_chaos_v1:black_argillite_brick_wall":1,"minecraft:stone_button":1,"minecraft:grass_block":3,"minecraft:spawner":4,"minecraft:weeping_vines_plant":1,"minecraft:yellow_bed":1,"minecraft:dark_oak_stairs":1,"minecraft:grass":9,"minecraft:oak_log":1,"minecraft:dirt_path":1,"minecraft:iron_block":1},"minecraft:custom":{"minecraft:interact_with_smithing_table":1,"minecraft:blood":0,"minecraft:mob_kills":28,"minecraft:dexterity":14,"minecraft:intelligence":26,"minecraft:move_speed":0,"minecraft:open_barrel":12,"minecraft:damage_dealt_resisted":201,"minecraft:leave_game":3,"minecraft:time_since_death":79966,"minecraft:sleep_in_bed":2,"minecraft:climb_one_cm":3885,"minecraft:levels_gained":15,"minecraft:mana":430,"minecraft:time_since_rest":13856,"minecraft:magic_shield":0,"minecraft:walk_one_cm":180679,"minecraft:sprint_one_cm":148150,"minecraft:damage_taken":2041,"minecraft:damage_absorbed":18,"minecraft:drop":16,"minecraft:damage_dealt":3233,"minecraft:health":290,"minecraft:talked_to_villager":8,"minecraft:swim_one_cm":1613,"minecraft:fly_one_cm":307029,"minecraft:open_chest":37,"minecraft:crouch_one_cm":1305,"minecraft:play_time":79966,"minecraft:sneak_time":665,"minecraft:walk_under_water_one_cm":824,"minecraft:jump":924,"minecraft:energy":367,"minecraft:walk_on_water_one_cm":581,"minecraft:strength":16,"minecraft:total_world_time":79966,"minecraft:fall_one_cm":25111},"minecraft:used":{"minecraft:dark_oak_stairs":4,"cataclysm:ignis_spawn_egg":1,"born_in_chaos_v1:senor_pumpkin_spawn_egg":1,"cataclysm:endermaptera_spawn_egg":2,"minecraft:oak_planks":12,"minecraft:light_blue_terracotta":2,"minecraft:ender_pearl":1,"cataclysm:ender_golem_spawn_egg":1,"minecraft:iron_sword":11,"minecraft:oak_door":1,"minecraft:glow_berries":3,"minecraft:dirt":8,"minecraft:beehive":1,"minecraft:oak_log":1,"cataclysm:the_prowler_spawn_egg":1,"cataclysm:ender_guardian_spawn_egg":2,"born_in_chaos_v1:black_argillite_column_slab":4,"minecraft:dark_oak_log":2,"minecraft:iron_block":1,"minecraft:grass_block":8,"minecraft:chicken":3,"minecraft:iron_pickaxe":7,"minecraft:stone_button":2,"mmorpg:weapon/staff/iron":18,"cataclysm:netherite_monstrosity_spawn_egg":1,"minecraft:diamond_sword":118,"minecraft:cobblestone":2,"cataclysm:nameless_sorcerer_spawn_egg":2,"minecraft:yellow_bed":2,"minecraft:cooked_beef":2,"cataclysm:the_leviathan_spawn_egg":1,"minecraft:iron_leggings":2},"minecraft:picked_up":{"minecraft:iron_chestplate":1,"minecraft:chicken":3,"born_in_chaos_v1:spiritual_dust":2,"born_in_chaos_v1:seedof_chaos":2,"mmorpg:skill_gems/aura/str":1,"minecraft:diamond_sword":2,"minecraft:oak_log":1,"minecraft:yellow_bed":2,"mmorpg:currency/map_rarity_upgrade":1,"minecraft:string":4,"minecraft:dirt":5,"minecraft:moss_carpet":1,"gnumus:gnumus_pouch_2":1,"minecraft:item_frame":2,"minecraft:bone":11,"minecraft:bow":3,"minecraft:wheat_seeds":1,"mmorpg:map":1,"mmorpg:gems/tourmaline/0":1,"minecraft:iron_ingot":4,"mmorpg:currency/socket_adder":2,"minecraft:iron_boots":2,"minecraft:iron_sword":2,"minecraft:dark_oak_stairs":1,"minecraft:egg":2,"minecraft:tipped_arrow":2,"minecraft:beehive":1,"born_in_chaos_v1:shattered_skull":1,"irons_spellbooks:frozen_bone":6,"born_in_chaos_v1:orbofthe_summoner":1,"minecraft:stone_button":2,"born_in_chaos_v1:pieceofdarkmetal":3,"mmorpg:weapon/staff/wood":1,"mmorpg:skill_gems/support/int":1,"mmorpg:runes/nos":1,"minecraft:weeping_vines":1,"minecraft:arrow":3,"minecraft:rotten_flesh":5,"born_in_chaos_v1:firelight_not_despawn_spawn_egg":1,"minecraft:iron_block":1,"minecraft:emerald":1,"minecraft:gold_ingot":1,"mmorpg:offhand/dodge/iron":1,"gnumus:mouse_skin":7,"minecraft:glow_berries":3,"mmorpg:skill_gems/aura/int":1},"minecraft:killed":{"minecraft:cave_spider":1,"born_in_chaos_v1:mr_pumpkin":1,"born_in_chaos_v1:bone_imp_minion":9,"minecraft:spider":2,"born_in_chaos_v1:skeleton_thrasher_not_despawn":1,"born_in_chaos_v1:baby_skeleton_minion":3,"minecraft:zombie":2,"born_in_chaos_v1:bonescaller_not_despawn":1,"minecraft:stray":5,"gnumus:gnumus_hunter":1,"born_in_chaos_v1:supreme_bonescaller_stage_2":1,"born_in_chaos_v1:firelight_not_despawn":1}},"DataVersion":3465}