{"stats":{"minecraft:mined":{"minecraft:potted_crimson_roots":1,"minecraft:stone_button":1,"minecraft:grass_block":7,"born_in_chaos_v1:black_argillite_brick_wall":1,"born_in_chaos_v1:black_argillite":1,"farmersdelight:tomatoes":1,"minecraft:spawner":4,"born_in_chaos_v1:black_argillite_column":8,"minecraft:weeping_vines_plant":1,"born_in_chaos_v1:black_argillite_brick_slab":50,"minecraft:fire":3,"born_in_chaos_v1:black_argillite_brick_stairs":9,"minecraft:dark_oak_stairs":1,"minecraft:dirt_path":2,"minecraft:iron_bars":4,"minecraft:iron_block":1,"minecraft:pink_terracotta":1,"minecraft:acacia_leaves":12,"born_in_chaos_v1:carved_black_argillite":8,"minecraft:crafting_table":1,"minecraft:chest":1,"born_in_chaos_v1:black_argillite_column_slab":21,"minecraft:tall_grass":7,"minecraft:grindstone":1,"minecraft:wall_torch":1,"minecraft:light_blue_terracotta":1,"minecraft:wheat":59,"born_in_chaos_v1:black_argillitepressureplate":1,"born_in_chaos_v1:black_argillite_brick":3,"minecraft:yellow_bed":2,"minecraft:grass":41,"minecraft:oak_log":3,"minecraft:acacia_fence":1,"minecraft:dirt":7,"born_in_chaos_v1:black_argillite_wall":7},"minecraft:killed":{"minecraft:evoker":2,"minecraft:vex":9,"minecraft:cave_spider":1,"born_in_chaos_v1:mr_pumpkin":1,"minecraft:witch":1,"minecraft:spider":2,"born_in_chaos_v1:zombie_clown_not_despawn":1,"mowziesmobs:umvuthi":1,"minecraft:vindicator":2,"born_in_chaos_v1:skeleton_thrasher_not_despawn":1,"minecraft:horse":1,"born_in_chaos_v1:zombie_bruiser":1,"born_in_chaos_v1:baby_skeleton_minion":3,"born_in_chaos_v1:maggot":6,"minecraft:skeleton":5,"minecraft:chicken":1,"mowziesmobs:umvuthana_crane":2,"gnumus:gnumus_hunter":2,"born_in_chaos_v1:supreme_bonescaller_stage_2":1,"born_in_chaos_v1:firelight_not_despawn":1,"mowziesmobs:umvuthana":3,"born_in_chaos_v1:fallen_chaos_knight":1,"minecraft:husk":6,"minecraft:pig":4,"born_in_chaos_v1:bone_imp_minion":9,"born_in_chaos_v1:baby_skeleton":1,"born_in_chaos_v1:decrepit_skeleton":2,"minecraft:sheep":14,"gnumus:gnumus_merchant":2,"minecraft:pillager":11,"minecraft:zombie":20,"born_in_chaos_v1:corpse_fly":1,"born_in_chaos_v1:bonescaller_not_despawn":1,"minecraft:stray":11,"minecraft:wither_skeleton":1,"minecraft:villager":2},"minecraft:dropped":{"minecraft:bread":3,"mmorpg:currency/map_rarity_upgrade":1,"mmorpg:offhand/dodge/iron":2,"mowziesmobs:umvuthana_mask_faith":2,"born_in_chaos_v1:orbofthe_summoner":1,"mmorpg:chest/mythic_gear":1,"mmorpg:skill_gems/aura/int":3,"mmorpg:skill_gems/support/int":1,"minecraft:grass_block":1,"gnumus:mouse_skin":4,"sophisticatedbackpacks:gold_backpack":1,"minecraft:item_frame":2,"mmorpg:chest/legendary_gear":1,"mmorpg:map":1,"minecraft:dirt":1,"minecraft:gray_wool":1,"mmorpg:chest/rare_gear":1,"minecraft:diamond_helmet":1,"minecraft:iron_leggings":1,"farmersdelight:onion":10,"minecraft:iron_pickaxe":1,"minecraft:gold_ingot":5,"mmorpg:offhand/tome/diamond":1,"minecraft:netherite_sword":2,"minecraft:iron_boots":1,"sophisticatedbackpacks:backpack":3,"born_in_chaos_v1:spiritual_dust":1,"minecraft:diamond_sword":1,"minecraft:tipped_arrow":2,"minecraft:iron_chestplate":2,"minecraft:diamond_boots":2,"mmorpg:skill_gems/aura/str":1},"minecraft:picked_up":{"sophisticatedbackpacks:gold_backpack":3,"minecraft:iron_chestplate":3,"minecraft:chicken":3,"born_in_chaos_v1:seedof_chaos":2,"mmorpg:skill_gems/aura/str":2,"minecraft:diamond_sword":2,"mmorpg:jewelry/ring/iron":2,"born_in_chaos_v1:black_argillite_column":11,"minecraft:string":4,"minecraft:moss_carpet":1,"minecraft:item_frame":3,"minecraft:diamond_leggings":1,"mmorpg:map":4,"minecraft:netherite_sword":1,"mmorpg:gems/tourmaline/0":1,"gnumus:packaged_goods":2,"born_in_chaos_v1:stimulating_decoction":3,"mmorpg:offhand/tome/iron":1,"minecraft:egg":2,"mmorpg:currency/socket_adder":2,"minecraft:iron_boots":2,"mmorpg:skill_gems/support/dex":1,"minecraft:tipped_arrow":2,"minecraft:beehive":1,"born_in_chaos_v1:shattered_skull":1,"minecraft:acacia_fence":1,"sophisticatedbackpacks:backpack":1,"minecraft:porkchop":8,"minecraft:stone_button":2,"mmorpg:skill_gems/support/int":1,"born_in_chaos_v1:pieceofdarkmetal":3,"mmorpg:runes/nos":1,"minecraft:pink_terracotta":1,"mowziesmobs:umvuthana_mask_faith":1,"minecraft:arrow":3,"minecraft:weeping_vines":1,"minecraft:rotten_flesh":9,"minecraft:diamond_boots":1,"minecraft:iron_block":1,"minecraft:gold_ingot":2,"gnumus:mouse_skin":7,"minecraft:glow_berries":3,"minecraft:mutton":9,"minecraft:white_wool":7,"gnumus:gnumus_doubloons":5,"mmorpg:offhand/tome/diamond":1,"minecraft:cooked_beef":13,"born_in_chaos_v1:spiritual_dust":6,"minecraft:leather":1,"minecraft:oak_log":3,"minecraft:yellow_bed":3,"mmorpg:currency/map_rarity_upgrade":1,"minecraft:dirt":12,"gnumus:gnumus_pouch_2":1,"minecraft:bone":11,"minecraft:bow":4,"minecraft:wheat_seeds":1,"minecraft:iron_ingot":5,"minecraft:iron_sword":2,"minecraft:dark_oak_stairs":1,"irons_spellbooks:frozen_bone":9,"born_in_chaos_v1:orbofthe_summoner":3,"mmorpg:weapon/staff/wood":1,"mmorpg:weapon/staff/iron":1,"minecraft:light_blue_terracotta":1,"born_in_chaos_v1:firelight_not_despawn_spawn_egg":1,"mmorpg:jewelry/necklace/gold":2,"minecraft:gray_wool":1,"minecraft:emerald":1,"mmorpg:skill_gems/aura/int":3,"mmorpg:offhand/dodge/iron":2},"minecraft:killed_by":{"mowziesmobs:umvuthi":3},"minecraft:used":{"minecraft:netherite_sword":32,"born_in_chaos_v1:senor_pumpkin_spawn_egg":1,"cataclysm:endermaptera_spawn_egg":2,"born_in_chaos_v1:darkwarblade":23,"minecraft:light_blue_terracotta":2,"cataclysm:ender_golem_spawn_egg":1,"minecraft:iron_sword":11,"minecraft:oak_door":1,"minecraft:dirt":12,"cataclysm:the_prowler_spawn_egg":1,"minecraft:beehive":1,"born_in_chaos_v1:black_argillite_column_slab":4,"minecraft:iron_block":1,"minecraft:grass_block":11,"minecraft:bow":1,"cataclysm:nameless_sorcerer_spawn_egg":2,"minecraft:acacia_fence":1,"minecraft:cooked_beef":4,"cataclysm:the_leviathan_spawn_egg":1,"minecraft:iron_leggings":2,"minecraft:dark_oak_stairs":4,"cataclysm:ignis_spawn_egg":1,"minecraft:diamond_boots":2,"minecraft:oak_planks":16,"minecraft:ender_pearl":1,"born_in_chaos_v1:stimulating_decoction":3,"minecraft:glow_berries":3,"minecraft:terracotta":2,"minecraft:crafting_table":1,"minecraft:oak_log":1,"cataclysm:ender_guardian_spawn_egg":2,"minecraft:diamond_pickaxe":51,"minecraft:apple":3,"minecraft:dark_oak_log":2,"minecraft:chicken":3,"minecraft:bread":5,"minecraft:iron_pickaxe":84,"minecraft:stone_button":2,"mmorpg:weapon/staff/iron":19,"cataclysm:netherite_monstrosity_spawn_egg":1,"mmorpg:teleporter":3,"minecraft:diamond_sword":261,"minecraft:cobblestone":2,"minecraft:yellow_bed":2},"minecraft:crafted":{"minecraft:oak_planks":8,"minecraft:crafting_table":1},"minecraft:custom":{"minecraft:interact_with_smithing_table":1,"minecraft:blood":0,"minecraft:mob_kills":133,"minecraft:dexterity":46,"minecraft:interact_with_crafting_table":2,"minecraft:open_barrel":25,"minecraft:damage_dealt_resisted":376,"minecraft:leave_game":4,"minecraft:time_since_death":85559,"minecraft:climb_one_cm":3933,"minecraft:mana":1310,"minecraft:magic_shield":0,"minecraft:sprint_one_cm":411560,"minecraft:walk_one_cm":405410,"minecraft:drop":51,"minecraft:health":626,"minecraft:talked_to_villager":19,"minecraft:play_time":191110,"minecraft:sneak_time":1547,"minecraft:deaths":3,"minecraft:walk_under_water_one_cm":1680,"minecraft:jump":2737,"minecraft:energy":670,"minecraft:walk_on_water_one_cm":5800,"minecraft:total_world_time":191110,"minecraft:intelligence":92,"minecraft:move_speed":0,"minecraft:raid_trigger":1,"minecraft:sleep_in_bed":3,"minecraft:levels_gained":20,"minecraft:time_since_rest":9942,"minecraft:damage_taken":6307,"minecraft:damage_absorbed":81,"minecraft:damage_dealt":7475,"minecraft:swim_one_cm":6217,"minecraft:fly_one_cm":775080,"minecraft:player_kills":1,"minecraft:open_chest":89,"minecraft:crouch_one_cm":2694,"minecraft:strength":60,"minecraft:fall_one_cm":86849}},"DataVersion":3465}