{"stats":{"minecraft:mined":{"minecraft:stone_button":1,"minecraft:grass_block":3,"minecraft:yellow_bed":1,"minecraft:dark_oak_stairs":1,"minecraft:grass":9,"minecraft:oak_log":1,"minecraft:dirt_path":1},"minecraft:dropped":{"mmorpg:offhand/dodge/iron":1,"sophisticatedbackpacks:backpack":1,"mmorpg:skill_gems/aura/int":1,"mmorpg:skill_gems/support/int":1,"gnumus:mouse_skin":4,"minecraft:item_frame":2,"minecraft:iron_chestplate":2,"mmorpg:chest/rare_gear":1,"minecraft:iron_leggings":1,"minecraft:iron_pickaxe":1,"mmorpg:skill_gems/aura/str":1},"minecraft:custom":{"minecraft:interact_with_smithing_table":1,"minecraft:blood":0,"minecraft:mob_kills":3,"minecraft:dexterity":14,"minecraft:intelligence":26,"minecraft:move_speed":0,"minecraft:open_barrel":6,"minecraft:damage_dealt_resisted":61,"minecraft:leave_game":3,"minecraft:time_since_death":67966,"minecraft:sleep_in_bed":2,"minecraft:climb_one_cm":3885,"minecraft:levels_gained":15,"minecraft:mana":430,"minecraft:time_since_rest":1856,"minecraft:magic_shield":0,"minecraft:walk_one_cm":135619,"minecraft:sprint_one_cm":125452,"minecraft:damage_taken":801,"minecraft:damage_absorbed":18,"minecraft:drop":15,"minecraft:damage_dealt":1538,"minecraft:health":290,"minecraft:talked_to_villager":8,"minecraft:swim_one_cm":1613,"minecraft:fly_one_cm":281302,"minecraft:open_chest":25,"minecraft:crouch_one_cm":1044,"minecraft:play_time":67966,"minecraft:sneak_time":522,"minecraft:walk_under_water_one_cm":824,"minecraft:jump":795,"minecraft:energy":367,"minecraft:walk_on_water_one_cm":581,"minecraft:strength":16,"minecraft:total_world_time":67966,"minecraft:fall_one_cm":24902},"minecraft:used":{"minecraft:dark_oak_stairs":4,"cataclysm:ignis_spawn_egg":1,"born_in_chaos_v1:senor_pumpkin_spawn_egg":1,"cataclysm:endermaptera_spawn_egg":2,"minecraft:light_blue_terracotta":2,"minecraft:ender_pearl":1,"cataclysm:ender_golem_spawn_egg":1,"minecraft:iron_sword":11,"minecraft:oak_door":1,"minecraft:glow_berries":3,"minecraft:dirt":8,"minecraft:beehive":1,"minecraft:oak_log":1,"cataclysm:the_prowler_spawn_egg":1,"cataclysm:ender_guardian_spawn_egg":2,"born_in_chaos_v1:black_argillite_column_slab":4,"minecraft:dark_oak_log":2,"minecraft:grass_block":5,"minecraft:chicken":3,"minecraft:stone_button":2,"mmorpg:weapon/staff/iron":8,"cataclysm:netherite_monstrosity_spawn_egg":1,"minecraft:diamond_sword":22,"minecraft:cobblestone":2,"cataclysm:nameless_sorcerer_spawn_egg":2,"minecraft:yellow_bed":2,"minecraft:cooked_beef":2,"cataclysm:the_leviathan_spawn_egg":1,"minecraft:iron_leggings":2},"minecraft:picked_up":{"minecraft:iron_chestplate":1,"minecraft:chicken":3,"mmorpg:skill_gems/aura/str":1,"minecraft:diamond_sword":1,"minecraft:oak_log":1,"minecraft:yellow_bed":2,"minecraft:dirt":5,"minecraft:moss_carpet":1,"gnumus:gnumus_pouch_2":1,"minecraft:item_frame":2,"minecraft:bow":2,"minecraft:wheat_seeds":1,"minecraft:iron_ingot":4,"minecraft:iron_sword":2,"minecraft:dark_oak_stairs":1,"minecraft:egg":2,"minecraft:beehive":1,"minecraft:stone_button":2,"mmorpg:weapon/staff/wood":1,"mmorpg:skill_gems/support/int":1,"born_in_chaos_v1:firelight_not_despawn_spawn_egg":1,"minecraft:emerald":1,"minecraft:gold_ingot":1,"mmorpg:offhand/dodge/iron":1,"gnumus:mouse_skin":7,"minecraft:glow_berries":3,"mmorpg:skill_gems/aura/int":1},"minecraft:killed":{"born_in_chaos_v1:mr_pumpkin":1,"gnumus:gnumus_hunter":1,"born_in_chaos_v1:firelight_not_despawn":1}},"DataVersion":3465}