{"stats":{"minecraft:dropped":{"mmorpg:currency/map_rarity_upgrade":1,"minecraft:diamond":3,"mowziesmobs:umvuthana_mask_faith":2,"mmorpg:chest/mythic_gear":1,"minecraft:leather":1,"gnumus:mouse_skin":4,"minecraft:item_frame":2,"sophisticatedbackpacks:gold_backpack":1,"minecraft:dirt":23,"mmorpg:chest/legendary_gear":1,"minecraft:crimson_roots":2,"mmorpg:chest/rare_gear":1,"minecraft:netherite_boots":2,"farmersdelight:onion":10,"born_in_chaos_v1:black_argillite_brick":23,"minecraft:iron_pickaxe":1,"born_in_chaos_v1:mint_ice_cream":1,"born_in_chaos_v1:fired_black_argillite":23,"minecraft:dark_oak_planks":1,"minecraft:gold_ingot":5,"cataclysm:remnant_skull":2,"minecraft:netherite_sword":2,"minecraft:rotten_flesh":18,"born_in_chaos_v1:black_argillite_wall":24,"sophisticatedbackpacks:diamond_backpack":2,"mmorpg:weapon/staff/iron":3,"minecraft:tipped_arrow":2,"born_in_chaos_v1:chipped_black_argillite_brick":10,"mmorpg:currency/socket_adder":1,"minecraft:glass":1,"minecraft:iron_ingot":7,"minecraft:bread":30,"minecraft:wheat_seeds":90,"mmorpg:offhand/dodge/iron":2,"mmorpg:skill_gems/support/dex":1,"minecraft:iron_helmet":1,"minecraft:book":67,"born_in_chaos_v1:orbofthe_summoner":1,"born_in_chaos_v1:black_argillite_column_slab":94,"mmorpg:skill_gems/aura/int":5,"mmorpg:skill_gems/aura/dex":1,"born_in_chaos_v1:black_argillite_brick_slab":128,"mmorpg:skill_gems/support/int":2,"minecraft:grass_block":1,"mmorpg:map":1,"minecraft:gray_wool":1,"minecraft:torch":2,"minecraft:diamond_helmet":1,"minecraft:iron_leggings":1,"born_in_chaos_v1:carved_black_argillite":16,"mmorpg:offhand/tome/diamond":1,"born_in_chaos_v1:black_argillite_brick_stairs":47,"farmersdelight:cabbage_seeds":5,"minecraft:light_gray_wool":1,"minecraft:iron_boots":3,"mmorpg:runes/nos":1,"sophisticatedbackpacks:backpack":3,"born_in_chaos_v1:spiritual_dust":2,"minecraft:shears":1,"born_in_chaos_v1:cursed_scarlet_ornate_glass_pane":1,"minecraft:diamond_sword":1,"minecraft:diamond_pickaxe":1,"minecraft:iron_chestplate":2,"mmorpg:offhand/tome/iron":1,"born_in_chaos_v1:black_argillite_column":48,"minecraft:stone_bricks":129,"minecraft:diamond_boots":4,"minecraft:bow":1,"mmorpg:jewelry/ring/iron":2,"minecraft:magma_block":1,"mmorpg:skill_gems/aura/str":2},"minecraft:crafted":{"minecraft:oak_planks":496,"minecraft:stone":112,"minecraft:diamond_shovel":1,"minecraft:bookshelf":28,"minecraft:stone_bricks":64,"minecraft:crafting_table":1,"sophisticatedbackpacks:diamond_backpack":2,"minecraft:shears":2,"minecraft:oak_door":3,"sophisticatedbackpacks:iron_backpack":1,"minecraft:enchanting_table":1,"sophisticatedbackpacks:gold_backpack":1,"minecraft:bread":66,"minecraft:air":0},"minecraft:used":{"born_in_chaos_v1:cursed_scarlet_ornate_glass_pane":30,"minecraft:iron_sword":11,"minecraft:deepslate_tile_slab":3,"born_in_chaos_v1:soul_cutlass":11,"minecraft:beehive":1,"cataclysm:the_prowler_spawn_egg":1,"minecraft:glass":58,"minecraft:grass_block":66,"born_in_chaos_v1:rotten_soil":1,"minecraft:stone_bricks":1,"born_in_chaos_v1:nightmare_stalker_skull":2,"minecraft:bow":1,"born_in_chaos_v1:scorched_planks":4,"minecraft:acacia_fence":2,"cataclysm:stone_tile_slab":2,"cataclysm:the_leviathan_spawn_egg":1,"minecraft:dark_oak_stairs":45,"cataclysm:ignis_spawn_egg":1,"minecraft:diamond_boots":2,"born_in_chaos_v1:dark_metal_deposit":1,"minecraft:oak_planks":223,"minecraft:ender_pearl":1,"minecraft:diamond_axe":593,"minecraft:glow_berries":3,"minecraft:shears":392,"minecraft:deepslate_tiles":82,"cataclysm:ender_guardian_spawn_egg":2,"minecraft:mangrove_door":2,"minecraft:dark_oak_log":2,"minecraft:bread":8,"another_furniture:dark_oak_drawer":6,"minecraft:stone_button":2,"born_in_chaos_v1:purple_stained_glass":4,"minecraft:diamond_sword":266,"born_in_chaos_v1:mesh_door":4,"minecraft:netherite_sword":98,"cataclysm:endermaptera_spawn_egg":2,"minecraft:enchanting_table":2,"born_in_chaos_v1:senor_pumpkin_spawn_egg":1,"born_in_chaos_v1:darkwarblade":23,"minecraft:light_blue_terracotta":2,"cataclysm:ender_golem_spawn_egg":1,"born_in_chaos_v1:black_argillite":1,"born_in_chaos_v1:black_argillite_slab":1,"minecraft:oak_door":3,"minecraft:dirt":44,"minecraft:dark_oak_planks":712,"born_in_chaos_v1:chipped_black_argillite_brick":61,"born_in_chaos_v1:black_argillite_column_slab":4,"minecraft:bookshelf":31,"minecraft:iron_block":1,"minecraft:oak_stairs":1,"born_in_chaos_v1:orange_stained_glass_panel":1,"minecraft:beef":8,"cataclysm:nameless_sorcerer_spawn_egg":2,"born_in_chaos_v1:black_argillite_brick_slab":1,"minecraft:cooked_beef":4,"cataclysm:remnant_skull":1,"born_in_chaos_v1:lord_pumpkinheads_lamp":2,"minecraft:iron_leggings":2,"born_in_chaos_v1:mint_ice_cream":1,"minecraft:dirt_path":333,"born_in_chaos_v1:scorched_planks_door":4,"born_in_chaos_v1:stimulating_decoction":3,"born_in_chaos_v1:black_argillite_brick_stairs":309,"minecraft:terracotta":2,"minecraft:crafting_table":1,"born_in_chaos_v1:scarlet_stained_glass":23,"minecraft:dark_oak_door":2,"minecraft:oak_log":33,"minecraft:diamond_pickaxe":239,"minecraft:apple":3,"minecraft:diamond_shovel":78,"born_in_chaos_v1:black_argillite_column":59,"minecraft:chicken":3,"minecraft:iron_pickaxe":84,"minecraft:map":4,"born_in_chaos_v1:smoldering_scorched_wood":5,"mmorpg:weapon/staff/iron":23,"cataclysm:netherite_monstrosity_spawn_egg":1,"mmorpg:teleporter":5,"born_in_chaos_v1:pile_of_skulls":1,"minecraft:cobblestone":2,"minecraft:porkchop":6,"minecraft:yellow_bed":3},"minecraft:custom":{"minecraft:blood":0,"minecraft:dexterity":46,"minecraft:interact_with_crafting_table":23,"minecraft:open_barrel":31,"minecraft:leave_game":8,"minecraft:time_since_death":32890,"minecraft:sprint_one_cm":681965,"minecraft:drop":315,"minecraft:health":678,"minecraft:talked_to_villager":23,"minecraft:play_time":456357,"minecraft:deaths":4,"minecraft:jump":4926,"minecraft:energy":720,"minecraft:walk_on_water_one_cm":14277,"minecraft:enchant_item":7,"minecraft:interact_with_furnace":20,"minecraft:intelligence":92,"minecraft:traded_with_villager":11,"minecraft:sleep_in_bed":17,"minecraft:levels_gained":25,"minecraft:damage_dealt":9579,"minecraft:player_kills":2,"minecraft:crouch_one_cm":5766,"minecraft:interact_with_smoker":2,"minecraft:inspect_dispenser":5,"minecraft:interact_with_smithing_table":1,"minecraft:mob_kills":368,"minecraft:damage_dealt_resisted":590,"minecraft:climb_one_cm":9267,"minecraft:mana":1366,"minecraft:magic_shield":0,"minecraft:walk_one_cm":969496,"minecraft:sneak_time":6724,"minecraft:walk_under_water_one_cm":4039,"minecraft:interact_with_lectern":4,"minecraft:total_world_time":456357,"minecraft:move_speed":0,"minecraft:raid_trigger":1,"minecraft:time_since_rest":32946,"minecraft:damage_taken":8982,"minecraft:damage_absorbed":490,"minecraft:swim_one_cm":18173,"minecraft:fly_one_cm":2380675,"minecraft:open_chest":152,"minecraft:strength":60,"minecraft:fall_one_cm":136815},"minecraft:killed_by":{"mowziesmobs:umvuthi":3},"minecraft:picked_up":{"irons_spellbooks:scroll":1,"minecraft:iron_chestplate":3,"minecraft:diamond_sword":2,"born_in_chaos_v1:holiday_candy":29,"minecraft:string":5,"minecraft:diamond_leggings":2,"mmorpg:map":5,"mmorpg:gems/tourmaline/0":1,"gnumus:packaged_goods":2,"minecraft:cobblestone_slab":1,"born_in_chaos_v1:stimulating_decoction":3,"sophisticatedbackpacks:netherite_backpack":1,"mmorpg:currency/socket_adder":2,"minecraft:iron_boots":2,"minecraft:tipped_arrow":2,"minecraft:beehive":1,"minecraft:stick":2,"born_in_chaos_v1:shattered_skull":1,"minecraft:acacia_fence":1,"minecraft:oak_fence":3,"minecraft:porkchop":10,"minecraft:pink_terracotta":1,"minecraft:rotten_flesh":15,"minecraft:iron_block":1,"minecraft:bookshelf":4,"minecraft:cobblestone":74,"minecraft:birch_log":1,"born_in_chaos_v1:staffof_magic_arrows":2,"gnumus:gnumus_doubloons":5,"minecraft:cooked_beef":13,"mmorpg:offhand/tome/diamond":1,"born_in_chaos_v1:spiritual_dust":8,"minecraft:brown_wool":2,"minecraft:dirt":34,"gnumus:gnumus_pouch_2":1,"mmorpg:tp_back":3,"minecraft:glass":3,"minecraft:bone":15,"minecraft:bow":4,"minecraft:wheat_seeds":4,"minecraft:mossy_stone_bricks":2,"minecraft:oak_planks":8,"irons_spellbooks:frozen_bone":12,"mmorpg:harvest/purple_gem":3,"mmorpg:jewelry/ring/gold":1,"minecraft:white_candle":10,"minecraft:light_blue_terracotta":1,"born_in_chaos_v1:firelight_not_despawn_spawn_egg":1,"minecraft:netherite_helmet":1,"minecraft:crossbow":3,"minecraft:emerald":1,"minecraft:bread":1,"minecraft:oak_sapling":1,"mmorpg:skill_gems/aura/int":3,"minecraft:oak_leaves":44,"minecraft:diamond_pickaxe":1,"sophisticatedbackpacks:gold_backpack":3,"minecraft:chicken":3,"mmorpg:skill_gems/aura/str":2,"born_in_chaos_v1:seedof_chaos":2,"mmorpg:jewelry/ring/iron":2,"minecraft:shield":1,"born_in_chaos_v1:black_argillite_column":11,"minecraft:moss_carpet":1,"minecraft:flint_and_steel":1,"minecraft:item_frame":3,"minecraft:glass_pane":1,"minecraft:cracked_stone_bricks":3,"minecraft:candle":3,"minecraft:netherite_sword":2,"minecraft:beef":13,"minecraft:chest":1,"mmorpg:offhand/tome/iron":3,"minecraft:egg":2,"mmorpg:skill_gems/support/dex":1,"minecraft:stone":18,"minecraft:oak_door":1,"sophisticatedbackpacks:backpack":1,"minecraft:stone_button":2,"born_in_chaos_v1:pieceofdarkmetal":3,"mmorpg:skill_gems/support/int":1,"mmorpg:runes/nos":1,"minecraft:dark_oak_planks":2,"mowziesmobs:umvuthana_mask_faith":1,"minecraft:arrow":9,"minecraft:weeping_vines":1,"minecraft:diamond_boots":5,"minecraft:hay_block":5,"minecraft:gold_ingot":2,"gnumus:mouse_skin":7,"minecraft:glow_berries":3,"minecraft:mutton":15,"minecraft:white_wool":13,"minecraft:netherite_boots":3,"born_in_chaos_v1:black_argillite_column_slab":30,"minecraft:golden_carrot":3,"born_in_chaos_v1:pumpkin_staff":1,"minecraft:leather":11,"minecraft:birch_planks":2,"minecraft:oak_log":10,"minecraft:gunpowder":2,"minecraft:yellow_bed":3,"mmorpg:currency/map_rarity_upgrade":1,"minecraft:paper":2,"born_in_chaos_v1:soul_cutlass":2,"minecraft:stone_bricks":4,"cataclysm:void_core":1,"cataclysm:sandstorm_in_a_bottle":1,"minecraft:iron_ingot":6,"minecraft:iron_sword":2,"minecraft:dark_oak_stairs":1,"sophisticatedbackpacks:diamond_backpack":1,"minecraft:book":47,"minecraft:oak_slab":14,"born_in_chaos_v1:scorched_planks_door":2,"born_in_chaos_v1:orbofthe_summoner":4,"cataclysm:remnant_skull":3,"mmorpg:weapon/staff/wood":2,"cataclysm:ancient_metal_block":1,"mmorpg:weapon/staff/iron":5,"mmorpg:harvest/blue_gem":3,"minecraft:spider_eye":1,"minecraft:pumpkin_seeds":30,"born_in_chaos_v1:black_argillite_brick_slab":1,"mmorpg:jewelry/necklace/gold":3,"minecraft:iron_helmet":1,"minecraft:diamond_axe":1,"minecraft:gray_wool":1,"mmorpg:offhand/dodge/iron":2},"minecraft:mined":{"minecraft:potted_crimson_roots":1,"minecraft:cobblestone_stairs":1,"minecraft:grass_block":89,"minecraft:spawner":5,"minecraft:weeping_vines_plant":1,"born_in_chaos_v1:black_argillite_brick_slab":50,"minecraft:fire":3,"born_in_chaos_v1:black_argillite_brick_stairs":9,"minecraft:dark_oak_stairs":1,"minecraft:enchanting_table":1,"minecraft:dirt_path":2,"minecraft:oak_stairs":149,"minecraft:iron_bars":4,"minecraft:iron_block":1,"born_in_chaos_v1:carved_black_argillite":8,"minecraft:chest":2,"born_in_chaos_v1:black_argillite_column_slab":21,"minecraft:cobblestone":139,"minecraft:white_candle":2,"minecraft:grindstone":1,"minecraft:oak_planks":135,"minecraft:wall_torch":1,"minecraft:light_blue_terracotta":1,"minecraft:birch_log":13,"minecraft:wheat":59,"born_in_chaos_v1:black_argillite_brick":3,"minecraft:grass":65,"minecraft:oak_log":167,"minecraft:acacia_fence":1,"minecraft:dirt":12,"born_in_chaos_v1:infernal_evil_pumpkin_s":1,"born_in_chaos_v1:black_argillite_wall":7,"minecraft:oak_leaves":414,"mmorpg:teleporter":2,"minecraft:oak_door":2,"minecraft:stone_button":1,"born_in_chaos_v1:black_argillite_brick_wall":1,"born_in_chaos_v1:black_argillite":1,"farmersdelight:tomatoes":1,"minecraft:hay_block":4,"born_in_chaos_v1:black_argillite_column":8,"minecraft:oak_trapdoor":7,"minecraft:bookshelf":4,"minecraft:cobblestone_slab":1,"minecraft:stripped_oak_log":4,"minecraft:stone":3,"minecraft:pink_terracotta":1,"minecraft:oak_slab":84,"minecraft:acacia_leaves":12,"minecraft:glass_pane":8,"born_in_chaos_v1:marigolds":3,"minecraft:oak_fence":4,"minecraft:crafting_table":1,"minecraft:campfire":1,"minecraft:tall_grass":20,"born_in_chaos_v1:black_argillitepressureplate":1,"minecraft:yellow_bed":2,"minecraft:cracked_stone_bricks":4,"minecraft:stone_bricks":8,"minecraft:mossy_stone_bricks":2},"minecraft:broken":{"minecraft:shears":1,"minecraft:iron_chestplate":1},"minecraft:killed":{"minecraft:cave_spider":29,"born_in_chaos_v1:mr_pumpkin":8,"minecraft:zombified_piglin":2,"minecraft:witch":7,"born_in_chaos_v1:zombie_lumberjack":1,"born_in_chaos_v1:door_knight_not_despawn":1,"born_in_chaos_v1:sir_the_headless":1,"mowziesmobs:umvuthi":1,"minecraft:spider":46,"born_in_chaos_v1:baby_skeleton_minion":3,"minecraft:skeleton":7,"minecraft:chicken":6,"mowziesmobs:umvuthana_crane":2,"cataclysm:endermaptera":1,"born_in_chaos_v1:supreme_bonescaller_stage_2":2,"irons_spellbooks:summoned_skeleton":1,"mmorpg:explody_minion":13,"minecraft:piglin_brute":1,"born_in_chaos_v1:firelight_not_despawn":1,"cataclysm:ender_golem":1,"cataclysm:modern_remnant":1,"minecraft:pig":6,"born_in_chaos_v1:riding_lords_felsteed":1,"irons_spellbooks:necromancer":1,"minecraft:creeper":1,"minecraft:sheep":19,"cataclysm:ancient_remnant":2,"minecraft:pillager":16,"minecraft:zombie":38,"born_in_chaos_v1:corpse_fly":1,"minecraft:stray":16,"minecraft:cow":6,"minecraft:evoker":2,"minecraft:vex":9,"irons_spellbooks:summoned_zombie":3,"born_in_chaos_v1:zombie_clown_not_despawn":1,"minecraft:vindicator":3,"born_in_chaos_v1:skeleton_thrasher_not_despawn":2,"minecraft:slime":52,"born_in_chaos_v1:zombie_bruiser":1,"born_in_chaos_v1:maggot":8,"minecraft:horse":1,"born_in_chaos_v1:pumpkinhead":1,"gnumus:gnumus_hunter":2,"mowziesmobs:umvuthana":3,"born_in_chaos_v1:mr_pumpkin_controlled":1,"born_in_chaos_v1:fallen_chaos_knight":1,"born_in_chaos_v1:felsteed":1,"minecraft:husk":11,"born_in_chaos_v1:bone_imp_minion":12,"born_in_chaos_v1:baby_skeleton":1,"born_in_chaos_v1:decrepit_skeleton":4,"gnumus:gnumus_merchant":2,"born_in_chaos_v1:bonescaller_not_despawn":1,"minecraft:wither_skeleton":1,"minecraft:villager":2}},"DataVersion":3465}