{"stats":{"minecraft:dropped":{"sophisticatedbackpacks:iron_backpack":2,"born_in_chaos_v1:transmuting_elixir":1,"farmersdelight:hamburger":3,"minecraft:iron_sword":2,"mmorpg:currency/map_rarity_upgrade":1,"minecraft:dark_oak_stairs":2,"minecraft:oak_log":9,"minecraft:diamond":3,"minecraft:crossbow":1,"mowziesmobs:ice_crystal":1,"mowziesmobs:umvuthana_mask_faith":2,"mmorpg:chest/mythic_gear":1,"minecraft:leather":11,"gnumus:mouse_skin":4,"minecraft:item_frame":2,"sophisticatedbackpacks:gold_backpack":1,"minecraft:cobblestone_stairs":2,"mmorpg:chest/legendary_gear":1,"minecraft:dirt":87,"minecraft:grass":1,"minecraft:dark_oak_log":2,"minecraft:crimson_roots":2,"mmorpg:chest/rare_gear":1,"cataclysm:sandstorm_in_a_bottle":2,"minecraft:netherite_boots":2,"minecraft:chain":1,"farmersdelight:onion":21,"born_in_chaos_v1:black_argillite_brick":23,"minecraft:polished_blackstone_bricks":5,"minecraft:iron_pickaxe":1,"born_in_chaos_v1:mint_ice_cream":1,"born_in_chaos_v1:fired_black_argillite":23,"minecraft:dark_oak_planks":2,"mmorpg:harvest/blue_gem":3,"minecraft:white_wool":1,"minecraft:gold_ingot":29,"cataclysm:remnant_skull":2,"minecraft:blackstone":1,"minecraft:ancient_debris":6,"minecraft:netherite_sword":3,"minecraft:birch_sapling":4,"minecraft:rotten_flesh":25,"mmorpg:jewelry/necklace/diamond":2,"minecraft:oak_planks":204,"mmorpg:material/farming/0":5,"born_in_chaos_v1:black_argillite_wall":24,"mmorpg:weapon/staff/diamond":1,"minecraft:carrot":18,"sophisticatedbackpacks:diamond_backpack":2,"mmorpg:weapon/staff/iron":5,"minecraft:tipped_arrow":2,"minecraft:gunpowder":2,"born_in_chaos_v1:chipped_black_argillite_brick":10,"mmorpg:currency/socket_adder":1,"born_in_chaos_v1:pumpkin_bullet":22,"minecraft:blackstone_slab":4,"minecraft:glass":1,"cataclysm:infernal_forge":4,"born_in_chaos_v1:marigolds":2,"minecraft:oak_leaves":256,"minecraft:netherrack":2,"minecraft:enchanted_book":2,"minecraft:iron_ingot":17,"minecraft:bread":30,"born_in_chaos_v1:intoxicating_decoction":3,"mmorpg:stat_soul":1,"minecraft:oak_slab":65,"minecraft:wheat_seeds":219,"mmorpg:offhand/dodge/iron":2,"mmorpg:skill_gems/support/dex":1,"minecraft:diamond_leggings":2,"mmorpg:chest/uncommon_gear":1,"minecraft:book":67,"minecraft:iron_helmet":1,"minecraft:cobblestone":1,"born_in_chaos_v1:magical_holiday_candy":7,"born_in_chaos_v1:orbofthe_summoner":1,"born_in_chaos_v1:black_argillite_column_slab":94,"mmorpg:skill_gems/aura/int":5,"mmorpg:skill_gems/aura/dex":2,"born_in_chaos_v1:black_argillite_brick_slab":130,"born_in_chaos_v1:soul_cutlass":1,"mmorpg:skill_gems/support/int":2,"minecraft:grass_block":5,"mmorpg:weapon/staff/wood":1,"mmorpg:jewelry/ring/gold":1,"irons_spellbooks:scroll":25,"mmorpg:map":1,"mowziesmobs:sol_visage":1,"minecraft:gray_wool":1,"mmorpg:jewelry/necklace/gold":1,"minecraft:torch":2,"minecraft:brown_wool":1,"minecraft:diamond_helmet":1,"minecraft:iron_leggings":5,"minecraft:oak_stairs":120,"irons_spellbooks:upgrade_orb":1,"born_in_chaos_v1:pumpkin_pistol":2,"born_in_chaos_v1:carved_black_argillite":16,"born_in_chaos_v1:staffof_magic_arrows":1,"mmorpg:offhand/tome/diamond":2,"born_in_chaos_v1:black_argillite_brick_stairs":50,"minecraft:oak_trapdoor":5,"farmersdelight:cabbage_seeds":5,"born_in_chaos_v1:black_argillite_button":25,"irons_spellbooks:keeper_flamberge":1,"minecraft:light_gray_wool":1,"minecraft:iron_boots":5,"minecraft:stripped_oak_log":6,"mmorpg:runes/nos":1,"sophisticatedbackpacks:backpack":3,"born_in_chaos_v1:spiritual_dust":2,"minecraft:shears":1,"born_in_chaos_v1:cursed_scarlet_ornate_glass_pane":1,"minecraft:filled_map":1,"minecraft:diamond_sword":2,"cataclysm:necklace_of_the_desert":1,"minecraft:shroomlight":1,"minecraft:shield":2,"minecraft:flower_pot":1,"minecraft:diamond_chestplate":1,"minecraft:iron_chestplate":10,"minecraft:diamond_pickaxe":1,"mmorpg:offhand/tome/iron":1,"born_in_chaos_v1:spiny_shell":3,"minecraft:mossy_stone_bricks":2,"minecraft:yellow_bed":1,"minecraft:oak_sapling":21,"born_in_chaos_v1:black_argillite_column":49,"minecraft:stone_bricks":131,"minecraft:diamond_boots":6,"minecraft:spruce_log":1,"minecraft:bow":8,"mmorpg:jewelry/ring/iron":3,"minecraft:magma_block":1,"farmersdelight:tomato":1,"mmorpg:skill_gems/aura/str":3},"minecraft:crafted":{"minecraft:oak_planks":692,"minecraft:stone":112,"minecraft:diamond_shovel":1,"minecraft:bookshelf":28,"minecraft:stone_bricks":64,"minecraft:oak_fence":51,"minecraft:crafting_table":1,"farmersdelight:beef_patty":6,"sophisticatedbackpacks:diamond_backpack":2,"minecraft:stick":72,"minecraft:gold_ingot":45,"minecraft:shears":2,"irons_spellbooks:arcane_ingot":8,"minecraft:oak_door":3,"minecraft:bone_meal":21,"irons_spellbooks:upgrade_orb":1,"sophisticatedbackpacks:iron_backpack":1,"minecraft:enchanting_table":1,"sophisticatedbackpacks:gold_backpack":1,"minecraft:bread":66,"minecraft:air":0},"minecraft:used":{"born_in_chaos_v1:cursed_scarlet_ornate_glass_pane":30,"farmersdelight:cabbage_seeds":1,"minecraft:iron_sword":11,"minecraft:stone":13,"mowziesmobs:frostmaw_spawn_egg":1,"minecraft:deepslate_tile_slab":3,"born_in_chaos_v1:soul_cutlass":13,"cataclysm:the_prowler_spawn_egg":1,"minecraft:obsidian":28,"minecraft:beehive":1,"minecraft:glass":79,"cataclysm:infernal_forge":14,"born_in_chaos_v1:soulbane":1,"minecraft:grass_block":163,"born_in_chaos_v1:rotten_soil":1,"mmorpg:weapon/staff/diamond":3,"minecraft:stone_bricks":9,"fantasyfurniture:dunmer/chandelier":2,"born_in_chaos_v1:nightmare_stalker_skull":2,"minecraft:bow":1,"born_in_chaos_v1:scorched_planks":4,"minecraft:acacia_fence":2,"cataclysm:the_leviathan_spawn_egg":1,"cataclysm:stone_tile_slab":2,"farmersdelight:hamburger":2,"minecraft:mossy_stone_bricks":3,"minecraft:dark_oak_stairs":223,"cataclysm:ignis_spawn_egg":1,"minecraft:diamond_boots":2,"born_in_chaos_v1:dark_metal_deposit":1,"minecraft:oak_planks":297,"minecraft:ender_pearl":1,"minecraft:diamond_axe":664,"minecraft:glow_berries":3,"minecraft:golden_apple":3,"minecraft:shears":392,"minecraft:deepslate_tiles":149,"cataclysm:ender_guardian_spawn_egg":2,"minecraft:mangrove_door":2,"minecraft:dark_oak_log":2,"minecraft:bread":19,"another_furniture:dark_oak_drawer":6,"minecraft:stone_button":2,"born_in_chaos_v1:purple_stained_glass":4,"minecraft:diamond_sword":266,"born_in_chaos_v1:mesh_door":4,"minecraft:bone_meal":21,"minecraft:oak_fence":72,"minecraft:netherite_sword":391,"cataclysm:endermaptera_spawn_egg":2,"minecraft:enchanting_table":2,"born_in_chaos_v1:senor_pumpkin_spawn_egg":1,"minecraft:flint_and_steel":5,"born_in_chaos_v1:darkwarblade":23,"minecraft:light_blue_terracotta":2,"cataclysm:ender_golem_spawn_egg":1,"born_in_chaos_v1:black_argillite":1,"born_in_chaos_v1:black_argillite_slab":1,"minecraft:oak_door":3,"minecraft:dirt":46,"minecraft:spruce_fence":24,"minecraft:shroomlight":4,"minecraft:dark_oak_planks":886,"born_in_chaos_v1:chipped_black_argillite_brick":170,"born_in_chaos_v1:black_argillite_column_slab":4,"minecraft:bookshelf":31,"minecraft:iron_block":1,"minecraft:oak_stairs":85,"born_in_chaos_v1:orange_stained_glass_panel":1,"born_in_chaos_v1:transmuting_elixir":47,"cataclysm:nameless_sorcerer_spawn_egg":2,"minecraft:beef":8,"minecraft:podzol":1,"born_in_chaos_v1:black_argillite_brick_slab":19,"minecraft:cooked_beef":4,"born_in_chaos_v1:lord_pumpkinheads_lamp":2,"cataclysm:remnant_skull":2,"minecraft:iron_leggings":2,"born_in_chaos_v1:mint_ice_cream":1,"minecraft:dirt_path":341,"minecraft:smooth_sandstone_slab":1,"born_in_chaos_v1:scorched_planks_door":4,"born_in_chaos_v1:stimulating_decoction":3,"minecraft:cracked_stone_bricks":4,"minecraft:polished_blackstone_bricks":16,"born_in_chaos_v1:black_argillite_brick_stairs":413,"minecraft:terracotta":2,"minecraft:crafting_table":1,"born_in_chaos_v1:scarlet_stained_glass":29,"minecraft:dark_oak_door":2,"minecraft:oak_log":500,"minecraft:diamond_pickaxe":571,"minecraft:apple":3,"minecraft:diamond_shovel":78,"born_in_chaos_v1:black_argillite_column":63,"minecraft:chicken":3,"minecraft:iron_pickaxe":84,"born_in_chaos_v1:magical_holiday_candy":11,"minecraft:map":4,"born_in_chaos_v1:smoldering_scorched_wood":5,"mmorpg:weapon/staff/iron":44,"cataclysm:netherite_monstrosity_spawn_egg":1,"mmorpg:teleporter":6,"irons_spellbooks:keeper_flamberge":1,"born_in_chaos_v1:pile_of_skulls":1,"minecraft:cobblestone":2,"minecraft:porkchop":8,"minecraft:yellow_bed":6,"minecraft:goat_spawn_egg":4,"irons_spellbooks:arcane_anvil":1},"minecraft:custom":{"minecraft:blood":0,"minecraft:dexterity":46,"minecraft:interact_with_crafting_table":35,"minecraft:open_barrel":41,"minecraft:eat_cake_slice":3,"minecraft:leave_game":15,"minecraft:time_since_death":36586,"minecraft:sprint_one_cm":1376479,"minecraft:drop":732,"minecraft:health":688,"minecraft:talked_to_villager":30,"minecraft:play_time":833965,"minecraft:deaths":15,"minecraft:jump":10005,"minecraft:energy":730,"minecraft:enchant_item":7,"minecraft:walk_on_water_one_cm":38475,"minecraft:interact_with_furnace":20,"minecraft:intelligence":92,"minecraft:traded_with_villager":11,"minecraft:sleep_in_bed":27,"minecraft:levels_gained":26,"minecraft:damage_dealt":13690,"minecraft:player_kills":6,"minecraft:crouch_one_cm":12200,"minecraft:interact_with_smoker":4,"minecraft:inspect_dispenser":5,"minecraft:horse_one_cm":439892,"minecraft:interact_with_smithing_table":1,"minecraft:interact_with_anvil":6,"minecraft:mob_kills":740,"minecraft:damage_dealt_resisted":662,"minecraft:climb_one_cm":13501,"minecraft:mana":1377,"minecraft:magic_shield":0,"minecraft:walk_one_cm":1800024,"minecraft:sneak_time":11997,"minecraft:walk_under_water_one_cm":22469,"minecraft:interact_with_lectern":4,"minecraft:interact_with_blast_furnace":2,"minecraft:total_world_time":833965,"minecraft:move_speed":0,"minecraft:raid_trigger":3,"minecraft:interact_with_stonecutter":1,"minecraft:time_since_rest":36630,"minecraft:damage_taken":32281,"minecraft:damage_absorbed":2375,"minecraft:swim_one_cm":59115,"minecraft:fly_one_cm":4908476,"minecraft:open_chest":262,"minecraft:strength":60,"minecraft:fall_one_cm":418511},"minecraft:killed_by":{"mowziesmobs:umvuthi":3,"minecraft:player":1},"minecraft:picked_up":{"irons_spellbooks:scroll":1,"minecraft:iron_chestplate":8,"minecraft:wheat":36,"mmorpg:material/farming/0":4,"minecraft:flower_pot":1,"minecraft:diamond_sword":2,"minecraft:oak_stairs":3,"born_in_chaos_v1:holiday_candy":29,"mmorpg:skill_gems/aura/dex":1,"minecraft:polished_blackstone_brick_stairs":2,"minecraft:string":7,"minecraft:beetroot":7,"minecraft:diamond_leggings":3,"mmorpg:map":8,"mmorpg:gems/tourmaline/0":1,"gnumus:packaged_goods":2,"minecraft:cobblestone_slab":1,"born_in_chaos_v1:stimulating_decoction":3,"sophisticatedbackpacks:netherite_backpack":2,"born_in_chaos_v1:soulbane":1,"mmorpg:currency/socket_adder":2,"minecraft:iron_boots":2,"minecraft:tipped_arrow":2,"minecraft:stick":2,"minecraft:beehive":1,"born_in_chaos_v1:shattered_skull":2,"minecraft:acacia_fence":1,"minecraft:oak_fence":3,"minecraft:porkchop":18,"born_in_chaos_v1:nightmare_claw":1,"minecraft:dirt_path":2,"born_in_chaos_v1:black_argillite_brick_stairs":2,"minecraft:pink_terracotta":1,"minecraft:rotten_flesh":19,"born_in_chaos_v1:magical_holiday_candy":30,"minecraft:iron_block":1,"minecraft:bookshelf":4,"mmorpg:rare_mats/farming/greater":1,"minecraft:obsidian":9,"minecraft:cobblestone":74,"minecraft:birch_log":1,"born_in_chaos_v1:staffof_magic_arrows":3,"gnumus:gnumus_doubloons":5,"minecraft:lilac":1,"minecraft:cooked_beef":13,"mmorpg:offhand/tome/diamond":1,"born_in_chaos_v1:spiritual_dust":8,"minecraft:jungle_log":1,"gnumus:overripe_carrot":1,"minecraft:brown_wool":3,"minecraft:potato":26,"irons_spellbooks:keeper_flamberge":1,"farmersdelight:tomato":1,"minecraft:dirt":38,"gnumus:gnumus_pouch_2":1,"born_in_chaos_v1:pumpkin_pistol":2,"mmorpg:tp_back":6,"minecraft:glass":7,"minecraft:bone":27,"born_in_chaos_v1:scarlet_stained_glass":1,"minecraft:bow":5,"minecraft:wheat_seeds":131,"minecraft:mossy_stone_bricks":2,"minecraft:oak_planks":43,"mmorpg:skill_gems/support/str":1,"irons_spellbooks:arcane_salvage":2,"minecraft:chiseled_polished_blackstone":1,"irons_spellbooks:frozen_bone":12,"mmorpg:harvest/purple_gem":3,"sophisticatedbackpacks:iron_backpack":1,"minecraft:dead_bush":1,"minecraft:grass_block":5,"mmorpg:jewelry/ring/gold":2,"minecraft:dark_oak_log":2,"minecraft:white_candle":10,"minecraft:light_blue_terracotta":1,"born_in_chaos_v1:firelight_not_despawn_spawn_egg":1,"minecraft:netherite_helmet":2,"minecraft:crossbow":4,"minecraft:emerald":3,"minecraft:bread":1,"born_in_chaos_v1:rotten_fish":2,"minecraft:oak_sapling":3,"minecraft:netherrack":5,"mmorpg:skill_gems/aura/int":5,"minecraft:oak_leaves":64,"minecraft:diamond_pickaxe":2,"sophisticatedbackpacks:gold_backpack":3,"minecraft:charcoal":2,"minecraft:chicken":4,"born_in_chaos_v1:seedof_chaos":5,"mmorpg:skill_gems/aura/str":3,"mmorpg:jewelry/ring/iron":3,"minecraft:gold_block":15,"minecraft:chain":1,"minecraft:shield":5,"minecraft:oak_trapdoor":5,"born_in_chaos_v1:black_argillite_column":11,"minecraft:moss_carpet":1,"minecraft:flint_and_steel":2,"minecraft:netherite_scrap":3,"minecraft:item_frame":3,"minecraft:blackstone":1,"minecraft:glass_pane":1,"minecraft:cracked_stone_bricks":3,"minecraft:candle":3,"minecraft:netherite_sword":3,"minecraft:beef":16,"minecraft:iron_nugget":57,"mmorpg:offhand/tome/iron":4,"minecraft:chest":1,"minecraft:egg":2,"mmorpg:skill_gems/support/dex":3,"minecraft:stone":53,"minecraft:oak_door":1,"sophisticatedbackpacks:backpack":1,"minecraft:polished_blackstone_bricks":15,"mmorpg:currency/affix_tier_up_down":1,"minecraft:stone_button":2,"born_in_chaos_v1:pieceofdarkmetal":3,"minecraft:carrot":36,"mmorpg:skill_gems/support/int":1,"minecraft:redstone":2,"mmorpg:runes/nos":1,"minecraft:dark_oak_planks":9,"minecraft:smooth_sandstone_slab":1,"mowziesmobs:umvuthana_mask_faith":1,"minecraft:arrow":23,"minecraft:weeping_vines":1,"minecraft:beetroot_seeds":17,"minecraft:diamond_boots":5,"minecraft:hay_block":5,"farmersdelight:hamburger":3,"born_in_chaos_v1:spiny_shell":9,"minecraft:gold_ingot":2,"gnumus:mouse_skin":7,"minecraft:glow_berries":3,"minecraft:mutton":28,"minecraft:white_wool":23,"born_in_chaos_v1:corpse_maggot":11,"minecraft:netherite_boots":4,"born_in_chaos_v1:black_argillite_column_slab":30,"minecraft:golden_carrot":3,"born_in_chaos_v1:pumpkin_staff":1,"minecraft:leather":12,"minecraft:blackstone_slab":8,"minecraft:birch_planks":2,"minecraft:filled_map":2,"minecraft:oak_log":19,"minecraft:ancient_debris":7,"minecraft:yellow_bed":7,"minecraft:gunpowder":5,"mmorpg:currency/map_rarity_upgrade":1,"minecraft:deepslate_tile_slab":1,"minecraft:paper":2,"minecraft:podzol":2,"cataclysm:infernal_forge":4,"born_in_chaos_v1:soul_cutlass":4,"minecraft:stone_bricks":4,"cataclysm:void_core":1,"cataclysm:sandstorm_in_a_bottle":2,"minecraft:iron_ingot":6,"born_in_chaos_v1:chipped_black_argillite_brick":10,"irons_spellbooks:cinder_essence":15,"minecraft:iron_sword":2,"minecraft:dark_oak_stairs":1,"sophisticatedbackpacks:diamond_backpack":1,"minecraft:book":47,"minecraft:oak_slab":14,"born_in_chaos_v1:lifestealer_bone":3,"born_in_chaos_v1:scorched_planks_door":2,"born_in_chaos_v1:orbofthe_summoner":4,"born_in_chaos_v1:ethereal_spirit":2,"mmorpg:stat_soul":1,"born_in_chaos_v1:dark_rod":2,"cataclysm:remnant_skull":3,"mmorpg:weapon/staff/wood":7,"minecraft:spider_eye":3,"cataclysm:ancient_metal_block":1,"mmorpg:weapon/staff/iron":7,"mmorpg:harvest/blue_gem":3,"minecraft:pumpkin_seeds":30,"minecraft:slime_ball":3,"born_in_chaos_v1:black_argillite_brick_slab":3,"minecraft:iron_helmet":2,"mmorpg:jewelry/necklace/gold":4,"irons_spellbooks:upgrade_orb":1,"minecraft:diamond_axe":2,"minecraft:gray_wool":1,"born_in_chaos_v1:pumpkin_bullet":26,"mmorpg:offhand/dodge/iron":2},"minecraft:mined":{"minecraft:potted_crimson_roots":1,"irons_spellbooks:armor_pile":6,"minecraft:cobblestone_stairs":1,"minecraft:obsidian":9,"minecraft:chiseled_polished_blackstone":1,"minecraft:grass_block":95,"minecraft:cracked_polished_blackstone_bricks":1,"minecraft:spawner":5,"minecraft:gilded_blackstone":1,"minecraft:polished_blackstone_bricks":14,"minecraft:weeping_vines_plant":1,"born_in_chaos_v1:black_argillite_brick_slab":50,"minecraft:fire":8,"born_in_chaos_v1:black_argillite_brick_stairs":9,"minecraft:enchanting_table":1,"minecraft:dark_oak_stairs":1,"minecraft:dirt_path":2,"minecraft:oak_stairs":152,"minecraft:iron_bars":4,"minecraft:iron_block":1,"minecraft:blackstone":20,"born_in_chaos_v1:carved_black_argillite":8,"minecraft:soul_fire":11,"minecraft:clay":4,"minecraft:chest":2,"born_in_chaos_v1:black_argillite_column_slab":21,"farmersdelight:cabbages":2,"minecraft:cobblestone":139,"minecraft:white_candle":2,"minecraft:oak_planks":144,"minecraft:grindstone":1,"minecraft:wall_torch":1,"minecraft:light_blue_terracotta":1,"minecraft:light_gray_glazed_terracotta":4,"minecraft:birch_log":18,"minecraft:wheat":101,"minecraft:lilac":1,"born_in_chaos_v1:black_argillite_brick":3,"minecraft:grass":96,"minecraft:oak_log":176,"minecraft:beetroots":7,"minecraft:acacia_fence":2,"minecraft:dirt":15,"born_in_chaos_v1:infernal_evil_pumpkin_s":1,"minecraft:ancient_debris":1,"born_in_chaos_v1:black_argillite_wall":7,"minecraft:netherrack":176,"minecraft:oak_leaves":456,"mmorpg:teleporter":2,"minecraft:oak_door":2,"born_in_chaos_v1:black_argillite_brick_wall":1,"minecraft:stone_button":1,"minecraft:spruce_fence":3,"born_in_chaos_v1:black_argillite":1,"farmersdelight:tomatoes":1,"minecraft:hay_block":4,"born_in_chaos_v1:black_argillite_column":8,"minecraft:oak_trapdoor":7,"minecraft:carrots":9,"minecraft:gold_block":15,"minecraft:bookshelf":4,"minecraft:potatoes":7,"minecraft:cobblestone_slab":1,"minecraft:stripped_oak_log":4,"minecraft:stone":41,"minecraft:pink_terracotta":1,"minecraft:podzol":1,"minecraft:oak_slab":84,"minecraft:acacia_leaves":13,"minecraft:glass_pane":14,"born_in_chaos_v1:marigolds":3,"minecraft:soul_sand":1,"minecraft:oak_fence":9,"minecraft:crafting_table":1,"minecraft:campfire":1,"minecraft:tall_grass":44,"born_in_chaos_v1:chipped_black_argillite_brick":11,"minecraft:polished_blackstone_brick_stairs":2,"minecraft:birch_leaves":20,"born_in_chaos_v1:black_argillitepressureplate":1,"minecraft:yellow_bed":5,"minecraft:cracked_stone_bricks":4,"minecraft:stone_bricks":8,"minecraft:mossy_stone_bricks":2,"minecraft:dark_oak_planks":5},"minecraft:broken":{"minecraft:shears":1,"minecraft:iron_chestplate":1,"minecraft:netherite_helmet":1,"minecraft:diamond_leggings":1,"minecraft:netherite_boots":1},"minecraft:killed":{"born_in_chaos_v1:lifestealer_true_form":1,"minecraft:cave_spider":33,"born_in_chaos_v1:mr_pumpkin":9,"minecraft:zombified_piglin":25,"minecraft:witch":11,"born_in_chaos_v1:restless_spirit":3,"born_in_chaos_v1:zombie_lumberjack":3,"born_in_chaos_v1:skeleton_demoman":2,"born_in_chaos_v1:door_knight_not_despawn":1,"born_in_chaos_v1:sir_the_headless":1,"born_in_chaos_v1:pumpkin_spirit":2,"mowziesmobs:umvuthi":1,"minecraft:spider":53,"mowziesmobs:frostmaw":1,"born_in_chaos_v1:baby_skeleton_minion":5,"minecraft:skeleton":40,"minecraft:chicken":7,"gnumus:pitcher_mousse":3,"mowziesmobs:umvuthana_crane":2,"born_in_chaos_v1:skeleton_thrasher":5,"cataclysm:endermaptera":1,"minecraft:illusioner":4,"born_in_chaos_v1:supreme_bonescaller_stage_2":3,"irons_spellbooks:summoned_skeleton":1,"minecraft:piglin_brute":3,"mmorpg:explody_minion":27,"born_in_chaos_v1:firelight_not_despawn":3,"cataclysm:modern_remnant":1,"cataclysm:ender_golem":2,"minecraft:piglin":1,"born_in_chaos_v1:bonescaller":1,"minecraft:pig":6,"born_in_chaos_v1:riding_lords_felsteed":1,"irons_spellbooks:necromancer":2,"minecraft:creeper":1,"gnumus:marsupial_mousse":1,"minecraft:sheep":31,"cataclysm:ancient_remnant":3,"minecraft:pillager":45,"minecraft:zombie":87,"born_in_chaos_v1:dread_hound":2,"born_in_chaos_v1:corpse_fly":11,"minecraft:ghast":2,"minecraft:stray":22,"minecraft:cow":7,"minecraft:blaze":3,"minecraft:evoker":2,"minecraft:vex":10,"irons_spellbooks:summoned_zombie":3,"born_in_chaos_v1:zombie_clown_not_despawn":1,"minecraft:vindicator":15,"born_in_chaos_v1:lord_pumpkinhead_head":1,"born_in_chaos_v1:skeleton_thrasher_not_despawn":2,"minecraft:slime":65,"born_in_chaos_v1:thornshell_crab":3,"born_in_chaos_v1:zombie_bruiser":2,"born_in_chaos_v1:maggot":35,"born_in_chaos_v1:pumpkinhead":1,"minecraft:horse":1,"mmorpg:zombie":6,"gnumus:gnumus_hunter":2,"mowziesmobs:umvuthana":3,"born_in_chaos_v1:mr_pumpkin_controlled":1,"born_in_chaos_v1:fallen_chaos_knight":1,"minecraft:husk":23,"born_in_chaos_v1:felsteed":1,"born_in_chaos_v1:bone_imp_minion":17,"born_in_chaos_v1:baby_skeleton":2,"born_in_chaos_v1:swarmer":1,"irons_spellbooks:citadel_keeper":13,"mmorpg:skeleton":10,"minecraft:hoglin":1,"born_in_chaos_v1:decrepit_skeleton":12,"gnumus:gnumus_merchant":2,"born_in_chaos_v1:bloody_gadfly":1,"born_in_chaos_v1:bonescaller_not_despawn":1,"born_in_chaos_v1:dark_vortex":1,"born_in_chaos_v1:nightmare_stalker":1,"minecraft:wither_skeleton":14,"minecraft:villager":2,"minecraft:enderman":1}},"DataVersion":3465}