{"stats":{"minecraft:dropped":{"mmorpg:offhand/dodge/iron":1,"born_in_chaos_v1:orbofthe_summoner":1,"mmorpg:skill_gems/aura/int":1,"mmorpg:skill_gems/support/int":1,"minecraft:grass_block":1,"gnumus:mouse_skin":4,"minecraft:item_frame":2,"minecraft:dirt":1,"minecraft:gray_wool":1,"mmorpg:chest/rare_gear":1,"minecraft:iron_leggings":1,"farmersdelight:onion":10,"minecraft:iron_pickaxe":1,"minecraft:iron_boots":1,"sophisticatedbackpacks:backpack":2,"minecraft:diamond_sword":1,"minecraft:tipped_arrow":2,"minecraft:iron_chestplate":2,"minecraft:diamond_boots":1,"mmorpg:skill_gems/aura/str":1},"minecraft:mined":{"minecraft:potted_crimson_roots":1,"minecraft:grass_block":4,"minecraft:stone_button":1,"born_in_chaos_v1:black_argillite_brick_wall":1,"minecraft:spawner":4,"minecraft:weeping_vines_plant":1,"minecraft:dark_oak_stairs":1,"minecraft:dirt_path":1,"minecraft:iron_bars":4,"minecraft:iron_block":1,"minecraft:pink_terracotta":1,"minecraft:acacia_leaves":11,"minecraft:chest":1,"minecraft:tall_grass":4,"minecraft:light_blue_terracotta":1,"minecraft:yellow_bed":1,"minecraft:grass":27,"minecraft:oak_log":1,"minecraft:dirt":6},"minecraft:custom":{"minecraft:interact_with_smithing_table":1,"minecraft:blood":0,"minecraft:mob_kills":47,"minecraft:dexterity":14,"minecraft:open_barrel":25,"minecraft:damage_dealt_resisted":376,"minecraft:leave_game":3,"minecraft:time_since_death":4092,"minecraft:climb_one_cm":3885,"minecraft:mana":430,"minecraft:magic_shield":0,"minecraft:sprint_one_cm":212700,"minecraft:walk_one_cm":243826,"minecraft:drop":26,"minecraft:health":290,"minecraft:talked_to_villager":8,"minecraft:play_time":109643,"minecraft:deaths":3,"minecraft:sneak_time":1354,"minecraft:walk_under_water_one_cm":824,"minecraft:jump":1575,"minecraft:energy":330,"minecraft:walk_on_water_one_cm":581,"minecraft:total_world_time":109643,"minecraft:intelligence":26,"minecraft:move_speed":0,"minecraft:sleep_in_bed":2,"minecraft:levels_gained":15,"minecraft:time_since_rest":4130,"minecraft:damage_taken":4154,"minecraft:damage_absorbed":45,"minecraft:damage_dealt":5763,"minecraft:swim_one_cm":1613,"minecraft:fly_one_cm":488667,"minecraft:open_chest":43,"minecraft:crouch_one_cm":2584,"minecraft:strength":16,"minecraft:fall_one_cm":39766},"minecraft:killed_by":{"mowziesmobs:umvuthi":3},"minecraft:used":{"cataclysm:endermaptera_spawn_egg":2,"born_in_chaos_v1:senor_pumpkin_spawn_egg":1,"born_in_chaos_v1:darkwarblade":23,"minecraft:light_blue_terracotta":2,"cataclysm:ender_golem_spawn_egg":1,"minecraft:iron_sword":11,"minecraft:oak_door":1,"minecraft:dirt":11,"minecraft:beehive":1,"cataclysm:the_prowler_spawn_egg":1,"born_in_chaos_v1:black_argillite_column_slab":4,"minecraft:iron_block":1,"minecraft:grass_block":11,"minecraft:bow":1,"cataclysm:nameless_sorcerer_spawn_egg":2,"minecraft:cooked_beef":4,"cataclysm:the_leviathan_spawn_egg":1,"minecraft:iron_leggings":2,"minecraft:dark_oak_stairs":4,"cataclysm:ignis_spawn_egg":1,"minecraft:diamond_boots":1,"minecraft:oak_planks":12,"minecraft:ender_pearl":1,"minecraft:glow_berries":3,"minecraft:terracotta":2,"minecraft:oak_log":1,"cataclysm:ender_guardian_spawn_egg":2,"minecraft:dark_oak_log":2,"minecraft:chicken":3,"minecraft:iron_pickaxe":14,"minecraft:stone_button":2,"mmorpg:weapon/staff/iron":18,"cataclysm:netherite_monstrosity_spawn_egg":1,"minecraft:diamond_sword":209,"minecraft:cobblestone":2,"minecraft:yellow_bed":2},"minecraft:picked_up":{"sophisticatedbackpacks:gold_backpack":2,"minecraft:iron_chestplate":3,"minecraft:chicken":3,"born_in_chaos_v1:seedof_chaos":2,"mmorpg:skill_gems/aura/str":1,"minecraft:diamond_sword":2,"mmorpg:jewelry/ring/iron":1,"minecraft:string":4,"minecraft:moss_carpet":1,"minecraft:item_frame":2,"minecraft:diamond_leggings":1,"mmorpg:map":1,"mmorpg:gems/tourmaline/0":1,"born_in_chaos_v1:stimulating_decoction":3,"mmorpg:offhand/tome/iron":1,"mmorpg:currency/socket_adder":2,"minecraft:egg":2,"minecraft:iron_boots":2,"minecraft:tipped_arrow":2,"minecraft:beehive":1,"born_in_chaos_v1:shattered_skull":1,"minecraft:stone_button":2,"mmorpg:skill_gems/support/int":1,"born_in_chaos_v1:pieceofdarkmetal":3,"mmorpg:runes/nos":1,"minecraft:pink_terracotta":1,"minecraft:arrow":3,"minecraft:weeping_vines":1,"minecraft:rotten_flesh":9,"minecraft:diamond_boots":1,"minecraft:iron_block":1,"minecraft:gold_ingot":1,"minecraft:mutton":9,"gnumus:mouse_skin":7,"minecraft:glow_berries":3,"minecraft:white_wool":7,"minecraft:cooked_beef":13,"born_in_chaos_v1:spiritual_dust":6,"minecraft:oak_log":1,"minecraft:yellow_bed":2,"mmorpg:currency/map_rarity_upgrade":1,"minecraft:dirt":9,"gnumus:gnumus_pouch_2":1,"minecraft:bone":11,"minecraft:bow":4,"minecraft:wheat_seeds":1,"minecraft:iron_ingot":4,"minecraft:iron_sword":2,"minecraft:dark_oak_stairs":1,"irons_spellbooks:frozen_bone":6,"born_in_chaos_v1:orbofthe_summoner":3,"mmorpg:weapon/staff/wood":1,"mmorpg:weapon/staff/iron":1,"minecraft:light_blue_terracotta":1,"born_in_chaos_v1:firelight_not_despawn_spawn_egg":1,"mmorpg:jewelry/necklace/gold":2,"minecraft:gray_wool":1,"minecraft:emerald":1,"mmorpg:offhand/dodge/iron":1,"mmorpg:skill_gems/aura/int":1},"minecraft:killed":{"minecraft:cave_spider":1,"born_in_chaos_v1:mr_pumpkin":1,"born_in_chaos_v1:zombie_clown_not_despawn":1,"mowziesmobs:umvuthi":1,"minecraft:spider":2,"born_in_chaos_v1:skeleton_thrasher_not_despawn":1,"born_in_chaos_v1:baby_skeleton_minion":3,"minecraft:chicken":1,"mowziesmobs:umvuthana_crane":2,"gnumus:gnumus_hunter":1,"born_in_chaos_v1:supreme_bonescaller_stage_2":1,"born_in_chaos_v1:firelight_not_despawn":1,"mowziesmobs:umvuthana":3,"born_in_chaos_v1:bone_imp_minion":9,"born_in_chaos_v1:decrepit_skeleton":1,"minecraft:sheep":9,"minecraft:zombie":2,"born_in_chaos_v1:corpse_fly":1,"born_in_chaos_v1:bonescaller_not_despawn":1,"minecraft:stray":5}},"DataVersion":3465}